sku_id,date,forecast,actual,error
HOUSEHOLD_1_385_CA_1_validation,2016-03-28,1.5533614733443044,0,-1.5533614733443044
HOUSEHOLD_1_385_CA_1_validation,2016-03-29,1.5387480515908187,3,1.4612519484091813
HOUSEHOLD_1_385_CA_1_validation,2016-03-30,1.4896018631396066,0,-1.4896018631396066
HOUSEHOLD_1_385_CA_1_validation,2016-03-31,1.4181374126121682,2,0.5818625873878318
HOUSEHOLD_1_385_CA_1_validation,2016-04-01,2.419464362056841,0,-2.419464362056841
HOUSEHOLD_1_385_CA_1_validation,2016-04-02,2.170447278069254,3,0.8295527219307459
HOUSEHOLD_1_385_CA_1_validation,2016-04-03,2.6332890544442957,1,-1.6332890544442957
HOUSEHOLD_1_385_CA_1_validation,2016-04-04,1.6963750061802254,6,4.303624993819774
HOUSEHOLD_1_385_CA_1_validation,2016-04-05,1.7259034729590694,1,-0.7259034729590694
HOUSEHOLD_1_385_CA_1_validation,2016-04-06,1.5147285922666565,1,-0.5147285922666565
HOUSEHOLD_1_385_CA_1_validation,2016-04-07,1.5379400855688279,2,0.4620599144311721
HOUSEHOLD_1_385_CA_1_validation,2016-04-08,1.840001357249972,3,1.159998642750028
HOUSEHOLD_1_385_CA_1_validation,2016-04-09,2.56852691075691,1,-1.5685269107569102
HOUSEHOLD_1_385_CA_1_validation,2016-04-10,2.1745418145184088,0,-2.1745418145184088
HOUSEHOLD_1_385_CA_1_validation,2016-04-11,1.493680913736338,1,-0.49368091373633805
HOUSEHOLD_1_385_CA_1_validation,2016-04-12,1.5819568310893664,1,-0.5819568310893664
HOUSEHOLD_1_385_CA_1_validation,2016-04-13,1.4044407230052085,0,-1.4044407230052085
HOUSEHOLD_1_385_CA_1_validation,2016-04-14,1.3767377532140384,3,1.6232622467859616
HOUSEHOLD_1_385_CA_1_validation,2016-04-15,1.5982396551922577,2,0.40176034480774225
HOUSEHOLD_1_385_CA_1_validation,2016-04-16,2.2239563268792653,1,-1.2239563268792653
HOUSEHOLD_1_385_CA_1_validation,2016-04-17,2.2432599824491786,6,3.7567400175508214
HOUSEHOLD_1_385_CA_1_validation,2016-04-18,1.5939439965301088,0,-1.5939439965301088
HOUSEHOLD_1_385_CA_1_validation,2016-04-19,1.4804620165264573,0,-1.4804620165264573
HOUSEHOLD_1_385_CA_1_validation,2016-04-20,1.3945860527255214,1,-0.3945860527255214
HOUSEHOLD_1_385_CA_1_validation,2016-04-21,1.407710670458051,2,0.5922893295419489
HOUSEHOLD_1_385_CA_1_validation,2016-04-22,1.7798289052991356,0,-1.7798289052991356
HOUSEHOLD_1_385_CA_1_validation,2016-04-23,1.9959980734235188,1,-0.9959980734235188
HOUSEHOLD_1_385_CA_1_validation,2016-04-24,1.4008405406140845,6,4.599159459385915
FOODS_3_288_CA_1_validation,2016-03-28,15.75153629498282,11,-4.75153629498282
FOODS_3_288_CA_1_validation,2016-03-29,12.680362681283071,10,-2.6803626812830714
FOODS_3_288_CA_1_validation,2016-03-30,12.003902864240606,9,-3.0039028642406063
FOODS_3_288_CA_1_validation,2016-03-31,12.110680352222177,20,7.889319647777823
FOODS_3_288_CA_1_validation,2016-04-01,15.2142428397621,13,-2.2142428397621003
FOODS_3_288_CA_1_validation,2016-04-02,18.07772824294341,17,-1.0777282429434116
FOODS_3_288_CA_1_validation,2016-04-03,20.46072487302304,23,2.5392751269769605
FOODS_3_288_CA_1_validation,2016-04-04,14.594933107781724,24,9.405066892218276
FOODS_3_288_CA_1_validation,2016-04-05,15.251620174123863,26,10.748379825876137
FOODS_3_288_CA_1_validation,2016-04-06,16.46120214570392,20,3.5387978542960816
FOODS_3_288_CA_1_validation,2016-04-07,16.032698980851887,16,-0.032698980851886716
FOODS_3_288_CA_1_validation,2016-04-08,18.297395151272962,18,-0.297395151272962
FOODS_3_288_CA_1_validation,2016-04-09,24.207176432735068,21,-3.207176432735068
FOODS_3_288_CA_1_validation,2016-04-10,26.009816300788362,33,6.990183699211638
FOODS_3_288_CA_1_validation,2016-04-11,16.606345999880393,10,-6.606345999880393
FOODS_3_288_CA_1_validation,2016-04-12,15.029467564138152,7,-8.029467564138152
FOODS_3_288_CA_1_validation,2016-04-13,11.88728102021497,20,8.11271897978503
FOODS_3_288_CA_1_validation,2016-04-14,12.803631556067629,15,2.1963684439323714
FOODS_3_288_CA_1_validation,2016-04-15,13.92205271569784,17,3.0779472843021605
FOODS_3_288_CA_1_validation,2016-04-16,18.64510800709348,15,-3.64510800709348
FOODS_3_288_CA_1_validation,2016-04-17,17.744470424449347,16,-1.7444704244493465
FOODS_3_288_CA_1_validation,2016-04-18,14.835149932958123,13,-1.8351499329581227
FOODS_3_288_CA_1_validation,2016-04-19,12.795620626720504,8,-4.795620626720504
FOODS_3_288_CA_1_validation,2016-04-20,12.011982852411256,13,0.988017147588744
FOODS_3_288_CA_1_validation,2016-04-21,12.157448300780354,16,3.842551699219646
FOODS_3_288_CA_1_validation,2016-04-22,13.924637294590479,21,7.075362705409521
FOODS_3_288_CA_1_validation,2016-04-23,18.76759433891803,18,-0.7675943389180304
FOODS_3_288_CA_1_validation,2016-04-24,21.956870121688215,24,2.0431298783117846
FOODS_3_525_CA_1_validation,2016-03-28,1.063006569327953,5,3.936993430672047
FOODS_3_525_CA_1_validation,2016-03-29,1.2699309542985868,4,2.730069045701413
FOODS_3_525_CA_1_validation,2016-03-30,1.577062375437374,3,1.422937624562626
FOODS_3_525_CA_1_validation,2016-03-31,1.6035088395915906,6,4.396491160408409
FOODS_3_525_CA_1_validation,2016-04-01,2.668075251637738,6,3.331924748362262
FOODS_3_525_CA_1_validation,2016-04-02,3.6869156292443668,12,8.313084370755632
FOODS_3_525_CA_1_validation,2016-04-03,4.501648367676915,6,1.498351632323085
FOODS_3_525_CA_1_validation,2016-04-04,5.118383349255384,2,-3.1183833492553843
FOODS_3_525_CA_1_validation,2016-04-05,4.457629017056054,2,-2.457629017056054
FOODS_3_525_CA_1_validation,2016-04-06,3.948604523358588,5,1.051395476641412
FOODS_3_525_CA_1_validation,2016-04-07,3.9527594835055173,5,1.0472405164944827
FOODS_3_525_CA_1_validation,2016-04-08,4.212908084256286,4,-0.21290808425628605
FOODS_3_525_CA_1_validation,2016-04-09,4.389849085440267,6,1.6101509145597328
FOODS_3_525_CA_1_validation,2016-04-10,4.391015173152287,7,2.6089848268477134
FOODS_3_525_CA_1_validation,2016-04-11,3.649499538533859,7,3.350500461466141
FOODS_3_525_CA_1_validation,2016-04-12,3.9389106001846765,6,2.0610893998153235
FOODS_3_525_CA_1_validation,2016-04-13,3.9829105364451283,3,-0.9829105364451283
FOODS_3_525_CA_1_validation,2016-04-14,4.1283400938761154,11,6.8716599061238846
FOODS_3_525_CA_1_validation,2016-04-15,5.3182435339294685,3,-2.3182435339294685
FOODS_3_525_CA_1_validation,2016-04-16,5.514772808223675,1,-4.514772808223675
FOODS_3_525_CA_1_validation,2016-04-17,5.22494884107288,10,4.77505115892712
FOODS_3_525_CA_1_validation,2016-04-18,4.275914938067081,9,4.724085061932919
FOODS_3_525_CA_1_validation,2016-04-19,4.971885846834137,1,-3.9718858468341374
FOODS_3_525_CA_1_validation,2016-04-20,4.326919749325291,1,-3.326919749325291
FOODS_3_525_CA_1_validation,2016-04-21,4.175666564393823,0,-4.175666564393823
FOODS_3_525_CA_1_validation,2016-04-22,3.8554819384388073,0,-3.8554819384388073
FOODS_3_525_CA_1_validation,2016-04-23,5.766609172760526,5,-0.7666091727605258
FOODS_3_525_CA_1_validation,2016-04-24,5.0290485679725085,1,-4.0290485679725085
FOODS_3_764_CA_1_validation,2016-03-28,5.635026403834949,5,-0.6350264038349493
FOODS_3_764_CA_1_validation,2016-03-29,5.655286957057866,13,7.344713042942134
FOODS_3_764_CA_1_validation,2016-03-30,6.038377952579661,3,-3.038377952579661
FOODS_3_764_CA_1_validation,2016-03-31,5.5581261661732695,9,3.4418738338267305
FOODS_3_764_CA_1_validation,2016-04-01,6.985584953308689,4,-2.985584953308689
FOODS_3_764_CA_1_validation,2016-04-02,9.226968980042926,9,-0.2269689800429262
FOODS_3_764_CA_1_validation,2016-04-03,10.424422430634602,10,-0.4244224306346016
FOODS_3_764_CA_1_validation,2016-04-04,7.0686074895084765,8,0.9313925104915235
FOODS_3_764_CA_1_validation,2016-04-05,6.841332301251524,5,-1.8413323012515237
FOODS_3_764_CA_1_validation,2016-04-06,5.772683764232766,6,0.22731623576723425
FOODS_3_764_CA_1_validation,2016-04-07,5.271953941510339,8,2.728046058489661
FOODS_3_764_CA_1_validation,2016-04-08,6.1004437164297896,15,8.89955628357021
FOODS_3_764_CA_1_validation,2016-04-09,10.37820347320264,21,10.62179652679736
FOODS_3_764_CA_1_validation,2016-04-10,12.872260335645791,32,19.12773966435421
FOODS_3_764_CA_1_validation,2016-04-11,7.870542936809186,19,11.129457063190813
FOODS_3_764_CA_1_validation,2016-04-12,10.631633172834649,1,-9.631633172834649
FOODS_3_764_CA_1_validation,2016-04-13,7.580423456910752,4,-3.5804234569107516
FOODS_3_764_CA_1_validation,2016-04-14,6.926212474675494,2,-4.926212474675494
FOODS_3_764_CA_1_validation,2016-04-15,7.178077458137965,2,-5.178077458137965
FOODS_3_764_CA_1_validation,2016-04-16,8.132305732750076,5,-3.1323057327500763
FOODS_3_764_CA_1_validation,2016-04-17,8.101094935180873,16,7.898905064819127
FOODS_3_764_CA_1_validation,2016-04-18,6.303742435452733,8,1.6962575645472668
FOODS_3_764_CA_1_validation,2016-04-19,6.610886261835174,3,-3.610886261835174
FOODS_3_764_CA_1_validation,2016-04-20,4.644420483261809,4,-0.6444204832618086
FOODS_3_764_CA_1_validation,2016-04-21,5.482354828893903,8,2.517645171106097
FOODS_3_764_CA_1_validation,2016-04-22,7.806587280374567,2,-5.806587280374567
FOODS_3_764_CA_1_validation,2016-04-23,9.077416838246338,6,-3.0774168382463376
FOODS_3_764_CA_1_validation,2016-04-24,8.70107918234469,10,1.2989208176553095
HOUSEHOLD_1_112_CA_2_validation,2016-03-28,2.487713267091244,0,-2.487713267091244
HOUSEHOLD_1_112_CA_2_validation,2016-03-29,2.8762478440980477,0,-2.8762478440980477
HOUSEHOLD_1_112_CA_2_validation,2016-03-30,1.9253322320070025,2,0.07466776799299746
HOUSEHOLD_1_112_CA_2_validation,2016-03-31,2.142365642987253,0,-2.142365642987253
HOUSEHOLD_1_112_CA_2_validation,2016-04-01,1.907427968818974,4,2.0925720311810263
HOUSEHOLD_1_112_CA_2_validation,2016-04-02,2.534306317759003,6,3.465693682240997
HOUSEHOLD_1_112_CA_2_validation,2016-04-03,3.4391077312659806,3,-0.43910773126598057
HOUSEHOLD_1_112_CA_2_validation,2016-04-04,1.9954584207919077,1,-0.9954584207919077
HOUSEHOLD_1_112_CA_2_validation,2016-04-05,2.0227022284757834,0,-2.0227022284757834
HOUSEHOLD_1_112_CA_2_validation,2016-04-06,1.7714305324309332,2,0.22856946756906682
HOUSEHOLD_1_112_CA_2_validation,2016-04-07,1.921138752325402,1,-0.921138752325402
HOUSEHOLD_1_112_CA_2_validation,2016-04-08,2.2822961835273654,4,1.7177038164726346
HOUSEHOLD_1_112_CA_2_validation,2016-04-09,3.26925174774381,2,-1.26925174774381
HOUSEHOLD_1_112_CA_2_validation,2016-04-10,2.9143311295636893,9,6.085668870436311
HOUSEHOLD_1_112_CA_2_validation,2016-04-11,1.7142346555524122,2,0.28576534444758783
HOUSEHOLD_1_112_CA_2_validation,2016-04-12,1.6974255811758372,0,-1.6974255811758372
HOUSEHOLD_1_112_CA_2_validation,2016-04-13,1.743285495193978,0,-1.743285495193978
HOUSEHOLD_1_112_CA_2_validation,2016-04-14,1.6170799865179875,2,0.38292001348201254
HOUSEHOLD_1_112_CA_2_validation,2016-04-15,2.099099302158569,3,0.9009006978414309
HOUSEHOLD_1_112_CA_2_validation,2016-04-16,3.0905236591589245,3,-0.09052365915892446
HOUSEHOLD_1_112_CA_2_validation,2016-04-17,3.156496442646551,3,-0.15649644264655116
HOUSEHOLD_1_112_CA_2_validation,2016-04-18,1.730769904932476,1,-0.7307699049324761
HOUSEHOLD_1_112_CA_2_validation,2016-04-19,1.9527631727124457,3,1.0472368272875543
HOUSEHOLD_1_112_CA_2_validation,2016-04-20,2.132507816215258,0,-2.132507816215258
HOUSEHOLD_1_112_CA_2_validation,2016-04-21,1.7274238349015458,1,-0.7274238349015458
HOUSEHOLD_1_112_CA_2_validation,2016-04-22,2.26363984269482,3,0.7363601573051799
HOUSEHOLD_1_112_CA_2_validation,2016-04-23,2.9452959273470753,5,2.0547040726529247
HOUSEHOLD_1_112_CA_2_validation,2016-04-24,3.465838460624027,2,-1.4658384606240271
HOUSEHOLD_1_434_CA_2_validation,2016-03-28,3.3114000826579697,0,-3.3114000826579697
HOUSEHOLD_1_434_CA_2_validation,2016-03-29,2.9043814152854606,3,0.09561858471453943
HOUSEHOLD_1_434_CA_2_validation,2016-03-30,3.0107199155030995,4,0.9892800844969005
HOUSEHOLD_1_434_CA_2_validation,2016-03-31,2.9269445591667154,7,4.073055440833285
HOUSEHOLD_1_434_CA_2_validation,2016-04-01,4.071798323825645,3,-1.0717983238256448
HOUSEHOLD_1_434_CA_2_validation,2016-04-02,5.3546237052348955,8,2.6453762947651045
HOUSEHOLD_1_434_CA_2_validation,2016-04-03,5.598502524419093,5,-0.5985025244190929
HOUSEHOLD_1_434_CA_2_validation,2016-04-04,3.252262123970496,10,6.747737876029504
HOUSEHOLD_1_434_CA_2_validation,2016-04-05,3.7616574927304995,2,-1.7616574927304995
HOUSEHOLD_1_434_CA_2_validation,2016-04-06,3.7639804854300882,2,-1.7639804854300882
HOUSEHOLD_1_434_CA_2_validation,2016-04-07,3.863830437908665,2,-1.863830437908665
HOUSEHOLD_1_434_CA_2_validation,2016-04-08,4.327008014532675,2,-2.327008014532675
HOUSEHOLD_1_434_CA_2_validation,2016-04-09,6.262675804147914,5,-1.2626758041479142
HOUSEHOLD_1_434_CA_2_validation,2016-04-10,5.4101811324701,4,-1.4101811324701004
HOUSEHOLD_1_434_CA_2_validation,2016-04-11,3.0338411290357503,3,-0.03384112903575032
HOUSEHOLD_1_434_CA_2_validation,2016-04-12,3.1994175888935996,2,-1.1994175888935996
HOUSEHOLD_1_434_CA_2_validation,2016-04-13,3.0197008283723465,0,-3.0197008283723465
HOUSEHOLD_1_434_CA_2_validation,2016-04-14,2.9057687327452837,2,-0.9057687327452837
HOUSEHOLD_1_434_CA_2_validation,2016-04-15,3.295486409446319,2,-1.295486409446319
HOUSEHOLD_1_434_CA_2_validation,2016-04-16,4.744793253411935,7,2.2552067465880654
HOUSEHOLD_1_434_CA_2_validation,2016-04-17,4.474906459078852,4,-0.4749064590788521
HOUSEHOLD_1_434_CA_2_validation,2016-04-18,2.800270045390052,3,0.19972995460994802
HOUSEHOLD_1_434_CA_2_validation,2016-04-19,2.715299224755166,3,0.28470077524483406
HOUSEHOLD_1_434_CA_2_validation,2016-04-20,2.7584637327742216,2,-0.7584637327742216
HOUSEHOLD_1_434_CA_2_validation,2016-04-21,2.6945805610620015,3,0.3054194389379985
HOUSEHOLD_1_434_CA_2_validation,2016-04-22,3.138918826359481,4,0.8610811736405188
HOUSEHOLD_1_434_CA_2_validation,2016-04-23,5.465099343062526,4,-1.4650993430625263
HOUSEHOLD_1_434_CA_2_validation,2016-04-24,4.97399071823028,2,-2.9739907182302803
HOUSEHOLD_2_490_CA_2_validation,2016-03-28,2.0960674812846207,5,2.9039325187153793
HOUSEHOLD_2_490_CA_2_validation,2016-03-29,2.101011341747743,3,0.8989886582522568
HOUSEHOLD_2_490_CA_2_validation,2016-03-30,2.0744984101775255,1,-1.0744984101775255
HOUSEHOLD_2_490_CA_2_validation,2016-03-31,1.8883032643458326,2,0.11169673565416738
HOUSEHOLD_2_490_CA_2_validation,2016-04-01,2.734676624130079,1,-1.734676624130079
HOUSEHOLD_2_490_CA_2_validation,2016-04-02,3.663695894417237,3,-0.6636958944172369
HOUSEHOLD_2_490_CA_2_validation,2016-04-03,4.210561660275646,6,1.789438339724354
HOUSEHOLD_2_490_CA_2_validation,2016-04-04,2.6038108147740724,1,-1.6038108147740724
HOUSEHOLD_2_490_CA_2_validation,2016-04-05,2.1479059191838057,1,-1.1479059191838057
HOUSEHOLD_2_490_CA_2_validation,2016-04-06,1.9698328654965405,1,-0.9698328654965405
HOUSEHOLD_2_490_CA_2_validation,2016-04-07,1.7960303873101935,0,-1.7960303873101935
HOUSEHOLD_2_490_CA_2_validation,2016-04-08,2.0312167445099467,3,0.9687832554900533
HOUSEHOLD_2_490_CA_2_validation,2016-04-09,2.7351420005026945,6,3.2648579994973055
HOUSEHOLD_2_490_CA_2_validation,2016-04-10,3.2315909420770237,16,12.768409057922977
HOUSEHOLD_2_490_CA_2_validation,2016-04-11,3.3187757754835383,5,1.6812242245164617
HOUSEHOLD_2_490_CA_2_validation,2016-04-12,3.131488167343419,4,0.8685118326565808
HOUSEHOLD_2_490_CA_2_validation,2016-04-13,2.77985226320068,1,-1.77985226320068
HOUSEHOLD_2_490_CA_2_validation,2016-04-14,2.8879074835678944,6,3.1120925164321056
HOUSEHOLD_2_490_CA_2_validation,2016-04-15,3.957276902744699,4,0.04272309725530121
HOUSEHOLD_2_490_CA_2_validation,2016-04-16,5.335748702572,8,2.6642512974279997
HOUSEHOLD_2_490_CA_2_validation,2016-04-17,6.234557497792196,11,4.765442502207804
HOUSEHOLD_2_490_CA_2_validation,2016-04-18,3.4599584058380612,4,0.5400415941619388
HOUSEHOLD_2_490_CA_2_validation,2016-04-19,3.3775693566120903,4,0.6224306433879097
HOUSEHOLD_2_490_CA_2_validation,2016-04-20,3.439680982467078,0,-3.439680982467078
HOUSEHOLD_2_490_CA_2_validation,2016-04-21,3.4253571236381,4,0.5746428763618998
HOUSEHOLD_2_490_CA_2_validation,2016-04-22,3.7803853783247314,4,0.21961462167526857
HOUSEHOLD_2_490_CA_2_validation,2016-04-23,6.04496483303099,4,-2.04496483303099
HOUSEHOLD_2_490_CA_2_validation,2016-04-24,5.85449243884706,7,1.1455075611529404
FOODS_3_288_CA_2_validation,2016-03-28,28.92793754550798,36,7.07206245449202
FOODS_3_288_CA_2_validation,2016-03-29,25.77004300223902,33,7.229956997760979
FOODS_3_288_CA_2_validation,2016-03-30,26.154582251171117,36,9.845417748828883
FOODS_3_288_CA_2_validation,2016-03-31,29.455505803665393,45,15.544494196334607
FOODS_3_288_CA_2_validation,2016-04-01,41.88280890388359,38,-3.8828089038835927
FOODS_3_288_CA_2_validation,2016-04-02,47.045048348045746,31,-16.045048348045746
FOODS_3_288_CA_2_validation,2016-04-03,48.84002480336019,48,-0.8400248033601869
FOODS_3_288_CA_2_validation,2016-04-04,32.79524818680637,34,1.2047518131936314
FOODS_3_288_CA_2_validation,2016-04-05,29.65015820771508,13,-16.65015820771508
FOODS_3_288_CA_2_validation,2016-04-06,27.065411649280502,29,1.9345883507194976
FOODS_3_288_CA_2_validation,2016-04-07,29.961793422143458,20,-9.961793422143458
FOODS_3_288_CA_2_validation,2016-04-08,29.434299844052635,33,3.565700155947365
FOODS_3_288_CA_2_validation,2016-04-09,41.225230649354685,43,1.7747693506453146
FOODS_3_288_CA_2_validation,2016-04-10,42.74938603207441,45,2.250613967925588
FOODS_3_288_CA_2_validation,2016-04-11,27.82367172360843,35,7.176328276391569
FOODS_3_288_CA_2_validation,2016-04-12,28.193699130673163,30,1.8063008693268365
FOODS_3_288_CA_2_validation,2016-04-13,24.743680720526207,22,-2.743680720526207
FOODS_3_288_CA_2_validation,2016-04-14,26.40435708378063,33,6.595642916219369
FOODS_3_288_CA_2_validation,2016-04-15,29.164265453798244,24,-5.164265453798244
FOODS_3_288_CA_2_validation,2016-04-16,35.5534117229547,43,7.446588277045301
FOODS_3_288_CA_2_validation,2016-04-17,40.55736043210798,50,9.442639567892023
FOODS_3_288_CA_2_validation,2016-04-18,26.841410557910038,32,5.158589442089962
FOODS_3_288_CA_2_validation,2016-04-19,23.58082418750862,39,15.419175812491378
FOODS_3_288_CA_2_validation,2016-04-20,25.52060317143469,31,5.47939682856531
FOODS_3_288_CA_2_validation,2016-04-21,28.22803420148911,21,-7.228034201489109
FOODS_3_288_CA_2_validation,2016-04-22,31.446960117612885,24,-7.4469601176128855
FOODS_3_288_CA_2_validation,2016-04-23,42.990287186523986,57,14.009712813476014
FOODS_3_288_CA_2_validation,2016-04-24,46.08605324246745,54,7.91394675753255
FOODS_3_764_CA_2_validation,2016-03-28,2.705396374175912,7,4.294603625824088
FOODS_3_764_CA_2_validation,2016-03-29,2.771271272770668,13,10.228728727229331
FOODS_3_764_CA_2_validation,2016-03-30,3.979206954322445,14,10.020793045677555
FOODS_3_764_CA_2_validation,2016-03-31,5.738749483632773,12,6.261250516367227
FOODS_3_764_CA_2_validation,2016-04-01,8.038269039440406,10,1.9617309605595938
FOODS_3_764_CA_2_validation,2016-04-02,10.304430113692831,32,21.69556988630717
FOODS_3_764_CA_2_validation,2016-04-03,15.995343076682659,18,2.0046569233173415
FOODS_3_764_CA_2_validation,2016-04-04,13.618076803001951,8,-5.6180768030019514
FOODS_3_764_CA_2_validation,2016-04-05,11.990478918292343,7,-4.990478918292343
FOODS_3_764_CA_2_validation,2016-04-06,10.063690048452381,9,-1.063690048452381
FOODS_3_764_CA_2_validation,2016-04-07,11.272529020906685,4,-7.272529020906685
FOODS_3_764_CA_2_validation,2016-04-08,11.444730773092205,2,-9.444730773092205
FOODS_3_764_CA_2_validation,2016-04-09,9.365561766574139,6,-3.365561766574139
FOODS_3_764_CA_2_validation,2016-04-10,9.70354060354225,13,3.2964593964577507
FOODS_3_764_CA_2_validation,2016-04-11,6.469432275330351,4,-2.469432275330351
FOODS_3_764_CA_2_validation,2016-04-12,6.048073744652708,10,3.951926255347292
FOODS_3_764_CA_2_validation,2016-04-13,6.00115039177991,5,-1.0011503917799098
FOODS_3_764_CA_2_validation,2016-04-14,5.4705686783937875,7,1.5294313216062125
FOODS_3_764_CA_2_validation,2016-04-15,7.267465397800387,5,-2.267465397800387
FOODS_3_764_CA_2_validation,2016-04-16,9.401080503790933,8,-1.4010805037909329
FOODS_3_764_CA_2_validation,2016-04-17,9.30215923224593,8,-1.3021592322459306
FOODS_3_764_CA_2_validation,2016-04-18,5.951749417922072,3,-2.9517494179220716
FOODS_3_764_CA_2_validation,2016-04-19,5.716519937566831,6,0.2834800624331688
FOODS_3_764_CA_2_validation,2016-04-20,5.293281480960375,7,1.706718519039625
FOODS_3_764_CA_2_validation,2016-04-21,5.4539141277014505,2,-3.4539141277014505
FOODS_3_764_CA_2_validation,2016-04-22,5.448536995099387,4,-1.4485369950993867
FOODS_3_764_CA_2_validation,2016-04-23,7.812514142276553,3,-4.812514142276553
FOODS_3_764_CA_2_validation,2016-04-24,6.168873374742884,12,5.831126625257116
HOBBIES_1_242_CA_3_validation,2016-03-28,1.3671161230197035,1,-0.36711612301970353
HOBBIES_1_242_CA_3_validation,2016-03-29,1.4591022496719295,1,-0.4591022496719295
HOBBIES_1_242_CA_3_validation,2016-03-30,1.4949973104920984,1,-0.4949973104920984
HOBBIES_1_242_CA_3_validation,2016-03-31,1.5939178166197212,1,-0.5939178166197212
HOBBIES_1_242_CA_3_validation,2016-04-01,1.9461221083953057,7,5.053877891604694
HOBBIES_1_242_CA_3_validation,2016-04-02,2.427672736370842,1,-1.427672736370842
HOBBIES_1_242_CA_3_validation,2016-04-03,1.893309524328022,0,-1.893309524328022
HOBBIES_1_242_CA_3_validation,2016-04-04,1.68907178400514,1,-0.6890717840051399
HOBBIES_1_242_CA_3_validation,2016-04-05,1.6356122735645744,1,-0.6356122735645744
HOBBIES_1_242_CA_3_validation,2016-04-06,1.5003145190064262,2,0.4996854809935738
HOBBIES_1_242_CA_3_validation,2016-04-07,1.5463864996852588,3,1.4536135003147412
HOBBIES_1_242_CA_3_validation,2016-04-08,1.789692501321701,2,0.2103074986782989
HOBBIES_1_242_CA_3_validation,2016-04-09,1.8587746724719476,1,-0.8587746724719476
HOBBIES_1_242_CA_3_validation,2016-04-10,1.7615838057350057,3,1.2384161942649943
HOBBIES_1_242_CA_3_validation,2016-04-11,1.5384116251575712,4,2.461588374842429
HOBBIES_1_242_CA_3_validation,2016-04-12,1.7301586624919654,2,0.26984133750803463
HOBBIES_1_242_CA_3_validation,2016-04-13,1.8305242955583316,1,-0.8305242955583316
HOBBIES_1_242_CA_3_validation,2016-04-14,1.8179309357379194,3,1.1820690642620806
HOBBIES_1_242_CA_3_validation,2016-04-15,2.3202538634999827,1,-1.3202538634999827
HOBBIES_1_242_CA_3_validation,2016-04-16,2.4606610935991524,0,-2.4606610935991524
HOBBIES_1_242_CA_3_validation,2016-04-17,2.2764909156242497,5,2.7235090843757503
HOBBIES_1_242_CA_3_validation,2016-04-18,1.7797819647078905,3,1.2202180352921095
HOBBIES_1_242_CA_3_validation,2016-04-19,1.7973522017021895,2,0.20264779829781054
HOBBIES_1_242_CA_3_validation,2016-04-20,1.7368170452658884,0,-1.7368170452658884
HOBBIES_1_242_CA_3_validation,2016-04-21,1.6272534333505813,2,0.37274656664941874
HOBBIES_1_242_CA_3_validation,2016-04-22,2.2086099421665724,4,1.7913900578334276
HOBBIES_1_242_CA_3_validation,2016-04-23,2.4744106065877807,5,2.5255893934122193
HOBBIES_1_242_CA_3_validation,2016-04-24,2.6568389164451593,1,-1.6568389164451593
HOUSEHOLD_1_112_CA_3_validation,2016-03-28,2.787627219071884,2,-0.7876272190718838
HOUSEHOLD_1_112_CA_3_validation,2016-03-29,2.6405274348332917,1,-1.6405274348332917
HOUSEHOLD_1_112_CA_3_validation,2016-03-30,2.9213256002961585,1,-1.9213256002961585
HOUSEHOLD_1_112_CA_3_validation,2016-03-31,2.592783206896998,5,2.407216793103002
HOUSEHOLD_1_112_CA_3_validation,2016-04-01,3.489632090032142,4,0.510367909967858
HOUSEHOLD_1_112_CA_3_validation,2016-04-02,4.3208257850994025,4,-0.3208257850994025
HOUSEHOLD_1_112_CA_3_validation,2016-04-03,4.490064706933972,3,-1.490064706933972
HOUSEHOLD_1_112_CA_3_validation,2016-04-04,2.9179695479104417,1,-1.9179695479104417
HOUSEHOLD_1_112_CA_3_validation,2016-04-05,2.982976264818145,3,0.01702373518185496
HOUSEHOLD_1_112_CA_3_validation,2016-04-06,2.9936985706688226,2,-0.9936985706688226
HOUSEHOLD_1_112_CA_3_validation,2016-04-07,2.695699815147889,4,1.304300184852111
HOUSEHOLD_1_112_CA_3_validation,2016-04-08,3.4287009855491495,4,0.5712990144508505
HOUSEHOLD_1_112_CA_3_validation,2016-04-09,3.7825359879590312,2,-1.7825359879590312
HOUSEHOLD_1_112_CA_3_validation,2016-04-10,4.111505841059004,5,0.888494158940996
HOUSEHOLD_1_112_CA_3_validation,2016-04-11,3.152721506716606,2,-1.1527215067166061
HOUSEHOLD_1_112_CA_3_validation,2016-04-12,2.8747479095435455,2,-0.8747479095435455
HOUSEHOLD_1_112_CA_3_validation,2016-04-13,2.6702821433699357,1,-1.6702821433699357
HOUSEHOLD_1_112_CA_3_validation,2016-04-14,2.506919083620407,2,-0.5069190836204069
HOUSEHOLD_1_112_CA_3_validation,2016-04-15,2.786223415248892,1,-1.7862234152488918
HOUSEHOLD_1_112_CA_3_validation,2016-04-16,3.4862781413085546,5,1.5137218586914454
HOUSEHOLD_1_112_CA_3_validation,2016-04-17,4.1768240693938035,2,-2.1768240693938035
HOUSEHOLD_1_112_CA_3_validation,2016-04-18,2.65030931327115,4,1.34969068672885
HOUSEHOLD_1_112_CA_3_validation,2016-04-19,2.517494737966637,5,2.482505262033363
HOUSEHOLD_1_112_CA_3_validation,2016-04-20,2.648010828360786,3,0.35198917163921406
HOUSEHOLD_1_112_CA_3_validation,2016-04-21,2.964008921855894,0,-2.964008921855894
HOUSEHOLD_1_112_CA_3_validation,2016-04-22,2.9284132729130055,0,-2.9284132729130055
HOUSEHOLD_1_112_CA_3_validation,2016-04-23,3.2458780866808516,1,-2.2458780866808516
HOUSEHOLD_1_112_CA_3_validation,2016-04-24,3.720271742601721,6,2.279728257398279
HOUSEHOLD_1_385_CA_3_validation,2016-03-28,4.700395417443985,5,0.2996045825560154
HOUSEHOLD_1_385_CA_3_validation,2016-03-29,3.682033178231249,4,0.317966821768751
HOUSEHOLD_1_385_CA_3_validation,2016-03-30,3.9795273333516414,1,-2.9795273333516414
HOUSEHOLD_1_385_CA_3_validation,2016-03-31,4.270631403692352,0,-4.270631403692352
HOUSEHOLD_1_385_CA_3_validation,2016-04-01,4.624000091261144,0,-4.624000091261144
HOUSEHOLD_1_385_CA_3_validation,2016-04-02,5.121300624018363,9,3.878699375981637
HOUSEHOLD_1_385_CA_3_validation,2016-04-03,4.930413999167578,10,5.069586000832422
HOUSEHOLD_1_385_CA_3_validation,2016-04-04,3.9384353362864735,0,-3.9384353362864735
HOUSEHOLD_1_385_CA_3_validation,2016-04-05,3.1511376673332414,0,-3.1511376673332414
HOUSEHOLD_1_385_CA_3_validation,2016-04-06,3.855493889370316,3,-0.8554938893703161
HOUSEHOLD_1_385_CA_3_validation,2016-04-07,3.884570213910944,5,1.1154297860890559
HOUSEHOLD_1_385_CA_3_validation,2016-04-08,3.9187107827326755,4,0.08128921726732452
HOUSEHOLD_1_385_CA_3_validation,2016-04-09,5.180421836424498,8,2.8195781635755024
HOUSEHOLD_1_385_CA_3_validation,2016-04-10,5.167064107395132,0,-5.167064107395132
HOUSEHOLD_1_385_CA_3_validation,2016-04-11,3.28141426655042,9,5.71858573344958
HOUSEHOLD_1_385_CA_3_validation,2016-04-12,3.7513018078055,9,5.2486981921944995
HOUSEHOLD_1_385_CA_3_validation,2016-04-13,3.901358255863103,2,-1.9013582558631028
HOUSEHOLD_1_385_CA_3_validation,2016-04-14,3.6475728908811695,0,-3.6475728908811695
HOUSEHOLD_1_385_CA_3_validation,2016-04-15,3.6227066800089713,8,4.377293319991029
HOUSEHOLD_1_385_CA_3_validation,2016-04-16,5.148567842262122,7,1.8514321577378778
HOUSEHOLD_1_385_CA_3_validation,2016-04-17,5.755401664129613,2,-3.7554016641296126
HOUSEHOLD_1_385_CA_3_validation,2016-04-18,3.735563330470904,0,-3.735563330470904
HOUSEHOLD_1_385_CA_3_validation,2016-04-19,2.949029317271162,0,-2.949029317271162
HOUSEHOLD_1_385_CA_3_validation,2016-04-20,3.065094207924227,9,5.934905792075773
HOUSEHOLD_1_385_CA_3_validation,2016-04-21,3.2751583306547745,4,0.7248416693452255
HOUSEHOLD_1_385_CA_3_validation,2016-04-22,3.893070101057789,5,1.106929898942211
HOUSEHOLD_1_385_CA_3_validation,2016-04-23,4.7636161361781655,1,-3.7636161361781655
HOUSEHOLD_1_385_CA_3_validation,2016-04-24,5.089512560822496,0,-5.089512560822496
HOUSEHOLD_1_434_CA_3_validation,2016-03-28,4.882398343312399,1,-3.882398343312399
HOUSEHOLD_1_434_CA_3_validation,2016-03-29,3.6751103812249504,5,1.3248896187750496
HOUSEHOLD_1_434_CA_3_validation,2016-03-30,3.5833141278128293,3,-0.5833141278128293
HOUSEHOLD_1_434_CA_3_validation,2016-03-31,3.8588308763590606,5,1.1411691236409394
HOUSEHOLD_1_434_CA_3_validation,2016-04-01,4.664255175556486,2,-2.6642551755564856
HOUSEHOLD_1_434_CA_3_validation,2016-04-02,5.823982197295305,6,0.17601780270469458
HOUSEHOLD_1_434_CA_3_validation,2016-04-03,5.865857567970882,13,7.134142432029118
HOUSEHOLD_1_434_CA_3_validation,2016-04-04,4.865599027373777,7,2.1344009726262234
HOUSEHOLD_1_434_CA_3_validation,2016-04-05,4.4636927586583095,7,2.5363072413416905
HOUSEHOLD_1_434_CA_3_validation,2016-04-06,4.496256082117583,2,-2.4962560821175828
HOUSEHOLD_1_434_CA_3_validation,2016-04-07,4.288254542370488,9,4.711745457629512
HOUSEHOLD_1_434_CA_3_validation,2016-04-08,4.791645564764838,6,1.2083544352351616
HOUSEHOLD_1_434_CA_3_validation,2016-04-09,6.4317329675232155,4,-2.4317329675232155
HOUSEHOLD_1_434_CA_3_validation,2016-04-10,6.849219497184829,2,-4.849219497184829
HOUSEHOLD_1_434_CA_3_validation,2016-04-11,4.520236844396295,8,3.479763155603705
HOUSEHOLD_1_434_CA_3_validation,2016-04-12,4.6607395028964245,4,-0.6607395028964245
HOUSEHOLD_1_434_CA_3_validation,2016-04-13,3.7702742256130364,4,0.22972577438696362
HOUSEHOLD_1_434_CA_3_validation,2016-04-14,4.339499586029351,5,0.6605004139706487
HOUSEHOLD_1_434_CA_3_validation,2016-04-15,4.321619318453793,5,0.6783806815462068
HOUSEHOLD_1_434_CA_3_validation,2016-04-16,6.237487814623302,9,2.762512185376698
HOUSEHOLD_1_434_CA_3_validation,2016-04-17,6.378293683476426,6,-0.3782936834764259
HOUSEHOLD_1_434_CA_3_validation,2016-04-18,5.5711296533598125,5,-0.5711296533598125
HOUSEHOLD_1_434_CA_3_validation,2016-04-19,4.7966349853575405,4,-0.7966349853575405
HOUSEHOLD_1_434_CA_3_validation,2016-04-20,3.9958635898345576,2,-1.9958635898345576
HOUSEHOLD_1_434_CA_3_validation,2016-04-21,4.384112255959674,6,1.615887744040326
HOUSEHOLD_1_434_CA_3_validation,2016-04-22,4.309541263904412,6,1.6904587360955876
HOUSEHOLD_1_434_CA_3_validation,2016-04-23,6.046479860833741,5,-1.046479860833741
HOUSEHOLD_1_434_CA_3_validation,2016-04-24,6.388722379035372,9,2.6112776209646276
HOUSEHOLD_2_490_CA_3_validation,2016-03-28,2.0213886480244936,2,-0.021388648024493584
HOUSEHOLD_2_490_CA_3_validation,2016-03-29,1.870157366607208,5,3.129842633392792
HOUSEHOLD_2_490_CA_3_validation,2016-03-30,1.9093857067254663,0,-1.9093857067254663
HOUSEHOLD_2_490_CA_3_validation,2016-03-31,1.9135746191360015,2,0.08642538086399854
HOUSEHOLD_2_490_CA_3_validation,2016-04-01,2.841887684045,4,1.158112315955
HOUSEHOLD_2_490_CA_3_validation,2016-04-02,2.945916275540775,3,0.054083724459224936
HOUSEHOLD_2_490_CA_3_validation,2016-04-03,3.004520611483115,4,0.9954793885168849
HOUSEHOLD_2_490_CA_3_validation,2016-04-04,2.6232142710095365,0,-2.6232142710095365
HOUSEHOLD_2_490_CA_3_validation,2016-04-05,2.3481221425068632,1,-1.3481221425068632
HOUSEHOLD_2_490_CA_3_validation,2016-04-06,1.9117827498987878,1,-0.9117827498987878
HOUSEHOLD_2_490_CA_3_validation,2016-04-07,1.959037094101031,0,-1.959037094101031
HOUSEHOLD_2_490_CA_3_validation,2016-04-08,2.1344674340799954,0,-2.1344674340799954
HOUSEHOLD_2_490_CA_3_validation,2016-04-09,1.9170020759030941,3,1.0829979240969059
HOUSEHOLD_2_490_CA_3_validation,2016-04-10,2.000846105223079,3,0.9991538947769212
HOUSEHOLD_2_490_CA_3_validation,2016-04-11,1.8742314511669502,2,0.12576854883304978
HOUSEHOLD_2_490_CA_3_validation,2016-04-12,1.804165000699138,2,0.1958349993008619
HOUSEHOLD_2_490_CA_3_validation,2016-04-13,1.7253473152792906,2,0.27465268472070936
HOUSEHOLD_2_490_CA_3_validation,2016-04-14,1.812474100352405,4,2.187525899647595
HOUSEHOLD_2_490_CA_3_validation,2016-04-15,2.295673411212613,2,-0.29567341121261315
HOUSEHOLD_2_490_CA_3_validation,2016-04-16,2.696929320746878,1,-1.6969293207468779
HOUSEHOLD_2_490_CA_3_validation,2016-04-17,2.7110459881995514,5,2.2889540118004486
HOUSEHOLD_2_490_CA_3_validation,2016-04-18,2.2093557882016652,0,-2.2093557882016652
HOUSEHOLD_2_490_CA_3_validation,2016-04-19,2.012222597488992,2,-0.012222597488992015
HOUSEHOLD_2_490_CA_3_validation,2016-04-20,1.880526343210095,1,-0.8805263432100949
HOUSEHOLD_2_490_CA_3_validation,2016-04-21,1.786905017650149,2,0.21309498234985091
HOUSEHOLD_2_490_CA_3_validation,2016-04-22,1.8740169359928627,3,1.1259830640071373
HOUSEHOLD_2_490_CA_3_validation,2016-04-23,2.4780991333412077,3,0.5219008666587923
HOUSEHOLD_2_490_CA_3_validation,2016-04-24,2.7206757199064113,1,-1.7206757199064113
FOODS_3_131_CA_3_validation,2016-03-28,5.1177785475291016,0,-5.1177785475291016
FOODS_3_131_CA_3_validation,2016-03-29,4.470458264107861,7,2.5295417358921393
FOODS_3_131_CA_3_validation,2016-03-30,4.0201084571656285,1,-3.0201084571656285
FOODS_3_131_CA_3_validation,2016-03-31,3.910826253471123,7,3.089173746528877
FOODS_3_131_CA_3_validation,2016-04-01,5.781697676294634,3,-2.781697676294634
FOODS_3_131_CA_3_validation,2016-04-02,5.7432739977129375,5,-0.7432739977129375
FOODS_3_131_CA_3_validation,2016-04-03,6.232297133839577,9,2.7677028661604233
FOODS_3_131_CA_3_validation,2016-04-04,5.553241699468758,5,-0.5532416994687583
FOODS_3_131_CA_3_validation,2016-04-05,6.689168824672989,5,-1.689168824672989
FOODS_3_131_CA_3_validation,2016-04-06,5.51535248872967,4,-1.51535248872967
FOODS_3_131_CA_3_validation,2016-04-07,5.3675233801216145,1,-4.3675233801216145
FOODS_3_131_CA_3_validation,2016-04-08,5.24367099910293,6,0.75632900089707
FOODS_3_131_CA_3_validation,2016-04-09,6.3035604756740025,16,9.696439524325998
FOODS_3_131_CA_3_validation,2016-04-10,6.6494500649556,3,-3.6494500649556
FOODS_3_131_CA_3_validation,2016-04-11,4.5332503628010725,0,-4.5332503628010725
FOODS_3_131_CA_3_validation,2016-04-12,3.958271733697706,7,3.041728266302294
FOODS_3_131_CA_3_validation,2016-04-13,3.7775897195885637,5,1.2224102804114363
FOODS_3_131_CA_3_validation,2016-04-14,3.8019588661669927,0,-3.8019588661669927
FOODS_3_131_CA_3_validation,2016-04-15,3.7625670593358196,5,1.2374329406641804
FOODS_3_131_CA_3_validation,2016-04-16,4.293447088121881,3,-1.293447088121881
FOODS_3_131_CA_3_validation,2016-04-17,5.486769489232665,9,3.513230510767335
FOODS_3_131_CA_3_validation,2016-04-18,4.15484174498327,7,2.84515825501673
FOODS_3_131_CA_3_validation,2016-04-19,4.21682082459432,5,0.7831791754056798
FOODS_3_131_CA_3_validation,2016-04-20,3.900364085610037,6,2.099635914389963
FOODS_3_131_CA_3_validation,2016-04-21,3.9748833177723784,0,-3.9748833177723784
FOODS_3_131_CA_3_validation,2016-04-22,4.247908480249856,2,-2.2479084802498557
FOODS_3_131_CA_3_validation,2016-04-23,5.498712972321107,6,0.5012870276788934
FOODS_3_131_CA_3_validation,2016-04-24,5.022800472356896,3,-2.022800472356896
FOODS_3_142_CA_3_validation,2016-03-28,2.69727908340521,7,4.30272091659479
FOODS_3_142_CA_3_validation,2016-03-29,3.857586966204925,0,-3.857586966204925
FOODS_3_142_CA_3_validation,2016-03-30,2.8989151216766387,1,-1.8989151216766387
FOODS_3_142_CA_3_validation,2016-03-31,2.9193326200038565,0,-2.9193326200038565
FOODS_3_142_CA_3_validation,2016-04-01,2.711621694333743,3,0.288378305666257
FOODS_3_142_CA_3_validation,2016-04-02,4.267920954753465,5,0.7320790452465351
FOODS_3_142_CA_3_validation,2016-04-03,3.6171958086781495,7,3.3828041913218505
FOODS_3_142_CA_3_validation,2016-04-04,2.5636097566240785,6,3.4363902433759215
FOODS_3_142_CA_3_validation,2016-04-05,3.2077557187052457,6,2.7922442812947543
FOODS_3_142_CA_3_validation,2016-04-06,3.021367740123796,2,-1.0213677401237962
FOODS_3_142_CA_3_validation,2016-04-07,2.9274664974360487,6,3.0725335025639513
FOODS_3_142_CA_3_validation,2016-04-08,3.557518873671056,4,0.4424811263289441
FOODS_3_142_CA_3_validation,2016-04-09,5.0055813915771115,5,-0.005581391577111461
FOODS_3_142_CA_3_validation,2016-04-10,4.872993928196642,4,-0.8729939281966423
FOODS_3_142_CA_3_validation,2016-04-11,3.882304708785337,0,-3.882304708785337
FOODS_3_142_CA_3_validation,2016-04-12,3.4808830847223677,12,8.519116915277632
FOODS_3_142_CA_3_validation,2016-04-13,2.6491017740568408,2,-0.6491017740568408
FOODS_3_142_CA_3_validation,2016-04-14,2.727489411686006,6,3.272510588313994
FOODS_3_142_CA_3_validation,2016-04-15,3.104053669535644,8,4.895946330464356
FOODS_3_142_CA_3_validation,2016-04-16,4.4248050663587115,4,-0.4248050663587115
FOODS_3_142_CA_3_validation,2016-04-17,4.485165906175774,1,-3.485165906175774
FOODS_3_142_CA_3_validation,2016-04-18,3.62625803413014,3,-0.62625803413014
FOODS_3_142_CA_3_validation,2016-04-19,3.5482982764858613,10,6.451701723514139
FOODS_3_142_CA_3_validation,2016-04-20,3.2450711800295546,4,0.7549288199704454
FOODS_3_142_CA_3_validation,2016-04-21,3.410070881375226,6,2.589929118624774
FOODS_3_142_CA_3_validation,2016-04-22,3.9608390427837974,3,-0.9608390427837974
FOODS_3_142_CA_3_validation,2016-04-23,4.509720354826323,6,1.4902796451736773
FOODS_3_142_CA_3_validation,2016-04-24,4.921042620581163,14,9.078957379418837
FOODS_3_288_CA_3_validation,2016-03-28,37.06143445729483,29,-8.06143445729483
FOODS_3_288_CA_3_validation,2016-03-29,33.084166430128235,21,-12.084166430128235
FOODS_3_288_CA_3_validation,2016-03-30,30.33395964822234,34,3.66604035177766
FOODS_3_288_CA_3_validation,2016-03-31,30.893358218749334,33,2.1066417812506657
FOODS_3_288_CA_3_validation,2016-04-01,33.58255156316028,32,-1.5825515631602798
FOODS_3_288_CA_3_validation,2016-04-02,41.34131685492972,38,-3.3413168549297225
FOODS_3_288_CA_3_validation,2016-04-03,42.66673486125294,66,23.33326513874706
FOODS_3_288_CA_3_validation,2016-04-04,35.67246197497112,31,-4.672461974971121
FOODS_3_288_CA_3_validation,2016-04-05,31.477813553057118,43,11.522186446942882
FOODS_3_288_CA_3_validation,2016-04-06,30.2163906621998,28,-2.2163906621997995
FOODS_3_288_CA_3_validation,2016-04-07,31.956952730746696,25,-6.956952730746696
FOODS_3_288_CA_3_validation,2016-04-08,31.162091098559962,31,-0.16209109855996218
FOODS_3_288_CA_3_validation,2016-04-09,38.860875147734404,44,5.139124852265596
FOODS_3_288_CA_3_validation,2016-04-10,38.6150002525126,59,20.3849997474874
FOODS_3_288_CA_3_validation,2016-04-11,32.702782968568165,32,-0.7027829685681652
FOODS_3_288_CA_3_validation,2016-04-12,29.22937738579718,18,-11.229377385797179
FOODS_3_288_CA_3_validation,2016-04-13,26.29995506222686,26,-0.29995506222686075
FOODS_3_288_CA_3_validation,2016-04-14,26.47887343035997,26,-0.47887343035997176
FOODS_3_288_CA_3_validation,2016-04-15,30.049560255499312,23,-7.049560255499312
FOODS_3_288_CA_3_validation,2016-04-16,36.51479134691307,48,11.485208653086929
FOODS_3_288_CA_3_validation,2016-04-17,37.09682948810452,52,14.903170511895482
FOODS_3_288_CA_3_validation,2016-04-18,31.411083004257627,37,5.588916995742373
FOODS_3_288_CA_3_validation,2016-04-19,30.150089074129596,33,2.849910925870404
FOODS_3_288_CA_3_validation,2016-04-20,30.49259854459054,14,-16.49259854459054
FOODS_3_288_CA_3_validation,2016-04-21,32.085097710290356,28,-4.085097710290356
FOODS_3_288_CA_3_validation,2016-04-22,33.6633084270727,21,-12.6633084270727
FOODS_3_288_CA_3_validation,2016-04-23,43.571253474457414,41,-2.5712534744574143
FOODS_3_288_CA_3_validation,2016-04-24,42.26013491164283,64,21.73986508835717
FOODS_3_764_CA_3_validation,2016-03-28,16.57563349370101,16,-0.5756334937010088
FOODS_3_764_CA_3_validation,2016-03-29,14.252564185533037,16,1.7474358144669626
FOODS_3_764_CA_3_validation,2016-03-30,14.035276210725591,8,-6.035276210725591
FOODS_3_764_CA_3_validation,2016-03-31,12.706721002830331,8,-4.7067210028303315
FOODS_3_764_CA_3_validation,2016-04-01,15.496259849200591,13,-2.496259849200591
FOODS_3_764_CA_3_validation,2016-04-02,17.224131721772782,19,1.7758682782272182
FOODS_3_764_CA_3_validation,2016-04-03,21.560091859316763,38,16.439908140683237
FOODS_3_764_CA_3_validation,2016-04-04,18.400871150684367,11,-7.400871150684367
FOODS_3_764_CA_3_validation,2016-04-05,15.341204841141764,14,-1.3412048411417636
FOODS_3_764_CA_3_validation,2016-04-06,14.473255290933219,12,-2.473255290933219
FOODS_3_764_CA_3_validation,2016-04-07,14.295362370345913,11,-3.295362370345913
FOODS_3_764_CA_3_validation,2016-04-08,14.787023217655205,10,-4.787023217655205
FOODS_3_764_CA_3_validation,2016-04-09,17.044595233367634,9,-8.044595233367634
FOODS_3_764_CA_3_validation,2016-04-10,19.029664156293634,47,27.970335843706366
FOODS_3_764_CA_3_validation,2016-04-11,15.750146246058668,20,4.249853753941332
FOODS_3_764_CA_3_validation,2016-04-12,13.233687154873024,18,4.766312845126976
FOODS_3_764_CA_3_validation,2016-04-13,11.610063455361175,14,2.389936544638825
FOODS_3_764_CA_3_validation,2016-04-14,11.824391873504622,7,-4.824391873504622
FOODS_3_764_CA_3_validation,2016-04-15,12.317200165148828,7,-5.317200165148828
FOODS_3_764_CA_3_validation,2016-04-16,17.536302497962737,15,-2.536302497962737
FOODS_3_764_CA_3_validation,2016-04-17,18.596277499170107,11,-7.596277499170107
FOODS_3_764_CA_3_validation,2016-04-18,13.011927457941004,10,-3.0119274579410042
FOODS_3_764_CA_3_validation,2016-04-19,9.54115367901417,13,3.4588463209858293
FOODS_3_764_CA_3_validation,2016-04-20,9.13061422370194,13,3.86938577629806
FOODS_3_764_CA_3_validation,2016-04-21,9.106129673508871,13,3.893870326491129
FOODS_3_764_CA_3_validation,2016-04-22,10.821198207211788,8,-2.821198207211788
FOODS_3_764_CA_3_validation,2016-04-23,13.305894552045427,17,3.6941054479545734
FOODS_3_764_CA_3_validation,2016-04-24,19.194665780463076,18,-1.194665780463076
FOODS_3_288_CA_4_validation,2016-03-28,6.648331364346771,5,-1.6483313643467712
FOODS_3_288_CA_4_validation,2016-03-29,5.473447017167427,10,4.526552982832573
FOODS_3_288_CA_4_validation,2016-03-30,5.75566992721071,7,1.2443300727892899
FOODS_3_288_CA_4_validation,2016-03-31,6.336707600109118,3,-3.3367076001091176
FOODS_3_288_CA_4_validation,2016-04-01,7.184084343511738,7,-0.18408434351173764
FOODS_3_288_CA_4_validation,2016-04-02,9.2493855217822,10,0.7506144782178001
FOODS_3_288_CA_4_validation,2016-04-03,9.893561123532962,4,-5.893561123532962
FOODS_3_288_CA_4_validation,2016-04-04,6.484925907482744,9,2.5150740925172563
FOODS_3_288_CA_4_validation,2016-04-05,6.02162844829218,9,2.97837155170782
FOODS_3_288_CA_4_validation,2016-04-06,6.465239394419809,7,0.5347606055801908
FOODS_3_288_CA_4_validation,2016-04-07,5.874078891383375,1,-4.874078891383375
FOODS_3_288_CA_4_validation,2016-04-08,6.801673400662612,10,3.1983265993373884
FOODS_3_288_CA_4_validation,2016-04-09,7.639701312491412,8,0.36029868750858807
FOODS_3_288_CA_4_validation,2016-04-10,8.340167044167742,14,5.6598329558322575
FOODS_3_288_CA_4_validation,2016-04-11,6.051365329629637,13,6.948634670370363
FOODS_3_288_CA_4_validation,2016-04-12,6.5623122015597,15,8.437687798440301
FOODS_3_288_CA_4_validation,2016-04-13,6.9672918016381775,9,2.0327081983618225
FOODS_3_288_CA_4_validation,2016-04-14,8.293215195871994,5,-3.293215195871994
FOODS_3_288_CA_4_validation,2016-04-15,7.953697752540979,9,1.0463022474590211
FOODS_3_288_CA_4_validation,2016-04-16,9.861243731043723,7,-2.8612437310437233
FOODS_3_288_CA_4_validation,2016-04-17,10.255631779181297,7,-3.2556317791812965
FOODS_3_288_CA_4_validation,2016-04-18,7.256648162316847,9,1.7433518376831527
FOODS_3_288_CA_4_validation,2016-04-19,7.204887596483015,4,-3.2048875964830152
FOODS_3_288_CA_4_validation,2016-04-20,5.9044187486054795,4,-1.9044187486054795
FOODS_3_288_CA_4_validation,2016-04-21,5.589523096079577,10,4.410476903920423
FOODS_3_288_CA_4_validation,2016-04-22,6.7546601757464,15,8.2453398242536
FOODS_3_288_CA_4_validation,2016-04-23,9.108131189479872,16,6.891868810520128
FOODS_3_288_CA_4_validation,2016-04-24,11.430211815793298,19,7.569788184206702
FOODS_3_764_CA_4_validation,2016-03-28,3.3357216108484606,0,-3.3357216108484606
FOODS_3_764_CA_4_validation,2016-03-29,2.829415890425722,2,-0.8294158904257221
FOODS_3_764_CA_4_validation,2016-03-30,3.096167183870042,2,-1.0961671838700422
FOODS_3_764_CA_4_validation,2016-03-31,3.0419116909385204,1,-2.0419116909385204
FOODS_3_764_CA_4_validation,2016-04-01,2.7680619847988996,0,-2.7680619847988996
FOODS_3_764_CA_4_validation,2016-04-02,1.9742565460573076,1,-0.9742565460573076
FOODS_3_764_CA_4_validation,2016-04-03,2.8771080621090577,4,1.1228919378909423
FOODS_3_764_CA_4_validation,2016-04-04,2.3797176844332495,3,0.6202823155667505
FOODS_3_764_CA_4_validation,2016-04-05,2.5896371999470547,1,-1.5896371999470547
FOODS_3_764_CA_4_validation,2016-04-06,2.2518529642932394,4,1.7481470357067606
FOODS_3_764_CA_4_validation,2016-04-07,2.633431996719937,1,-1.633431996719937
FOODS_3_764_CA_4_validation,2016-04-08,3.0694685935780526,2,-1.0694685935780526
FOODS_3_764_CA_4_validation,2016-04-09,3.284737874236855,2,-1.2847378742368551
FOODS_3_764_CA_4_validation,2016-04-10,3.4191736250639684,2,-1.4191736250639684
FOODS_3_764_CA_4_validation,2016-04-11,2.3582007536141134,2,-0.3582007536141134
FOODS_3_764_CA_4_validation,2016-04-12,2.4257135904548655,7,4.5742864095451345
FOODS_3_764_CA_4_validation,2016-04-13,2.81368753040544,5,2.18631246959456
FOODS_3_764_CA_4_validation,2016-04-14,2.6209617723981786,0,-2.6209617723981786
FOODS_3_764_CA_4_validation,2016-04-15,2.968762141873593,6,3.031237858126407
FOODS_3_764_CA_4_validation,2016-04-16,3.795126383655322,2,-1.795126383655322
FOODS_3_764_CA_4_validation,2016-04-17,4.088374867467795,3,-1.0883748674677953
FOODS_3_764_CA_4_validation,2016-04-18,2.750815035358154,2,-0.750815035358154
FOODS_3_764_CA_4_validation,2016-04-19,2.8021103661055466,3,0.19788963389445335
FOODS_3_764_CA_4_validation,2016-04-20,2.599540238097379,1,-1.5995402380973789
FOODS_3_764_CA_4_validation,2016-04-21,2.76388817571737,0,-2.76388817571737
FOODS_3_764_CA_4_validation,2016-04-22,2.7782235357756258,1,-1.7782235357756258
FOODS_3_764_CA_4_validation,2016-04-23,3.1956767351111495,4,0.8043232648888505
FOODS_3_764_CA_4_validation,2016-04-24,3.1310711595094842,3,-0.13107115950948423
HOBBIES_1_158_TX_1_validation,2016-03-28,5.442810065372069,10,4.557189934627931
HOBBIES_1_158_TX_1_validation,2016-03-29,4.774522989127342,6,1.225477010872658
HOBBIES_1_158_TX_1_validation,2016-03-30,4.6819304033736255,7,2.3180695966263745
HOBBIES_1_158_TX_1_validation,2016-03-31,4.497562855152302,6,1.5024371448476979
HOBBIES_1_158_TX_1_validation,2016-04-01,6.118397068921274,2,-4.118397068921274
HOBBIES_1_158_TX_1_validation,2016-04-02,6.0817221812125775,3,-3.0817221812125775
HOBBIES_1_158_TX_1_validation,2016-04-03,6.485326004090634,6,-0.4853260040906342
HOBBIES_1_158_TX_1_validation,2016-04-04,5.2638370691930785,4,-1.2638370691930785
HOBBIES_1_158_TX_1_validation,2016-04-05,4.547051139140423,3,-1.5470511391404234
HOBBIES_1_158_TX_1_validation,2016-04-06,4.3725093846445215,9,4.6274906153554785
HOBBIES_1_158_TX_1_validation,2016-04-07,4.64076915491791,4,-0.6407691549179102
HOBBIES_1_158_TX_1_validation,2016-04-08,4.959359701774186,1,-3.9593597017741864
HOBBIES_1_158_TX_1_validation,2016-04-09,6.442130453959464,5,-1.4421304539594644
HOBBIES_1_158_TX_1_validation,2016-04-10,6.270799385952782,9,2.729200614047218
HOBBIES_1_158_TX_1_validation,2016-04-11,4.950213845143022,5,0.049786154856978015
HOBBIES_1_158_TX_1_validation,2016-04-12,4.756138029293602,1,-3.756138029293602
HOBBIES_1_158_TX_1_validation,2016-04-13,4.342177410410414,11,6.657822589589586
HOBBIES_1_158_TX_1_validation,2016-04-14,4.088731134984837,7,2.9112688650151632
HOBBIES_1_158_TX_1_validation,2016-04-15,5.06640209070129,1,-4.06640209070129
HOBBIES_1_158_TX_1_validation,2016-04-16,5.983978259724517,7,1.016021740275483
HOBBIES_1_158_TX_1_validation,2016-04-17,5.436815548565707,6,0.5631844514342932
HOBBIES_1_158_TX_1_validation,2016-04-18,4.767305826648265,0,-4.767305826648265
HOBBIES_1_158_TX_1_validation,2016-04-19,3.694811375744355,11,7.305188624255646
HOBBIES_1_158_TX_1_validation,2016-04-20,4.440930835692513,0,-4.440930835692513
HOBBIES_1_158_TX_1_validation,2016-04-21,4.294413291994495,1,-3.294413291994495
HOBBIES_1_158_TX_1_validation,2016-04-22,3.75163452525009,7,3.24836547474991
HOBBIES_1_158_TX_1_validation,2016-04-23,6.773906403969077,6,-0.7739064039690771
HOBBIES_1_158_TX_1_validation,2016-04-24,6.3499341592777006,6,-0.34993415927770055
HOUSEHOLD_1_385_TX_1_validation,2016-03-28,2.965934421713138,4,1.034065578286862
HOUSEHOLD_1_385_TX_1_validation,2016-03-29,2.4616659143232598,1,-1.4616659143232598
HOUSEHOLD_1_385_TX_1_validation,2016-03-30,2.36509796370718,1,-1.3650979637071798
HOUSEHOLD_1_385_TX_1_validation,2016-03-31,2.159786128991107,3,0.8402138710088929
HOUSEHOLD_1_385_TX_1_validation,2016-04-01,2.910181843758452,3,0.08981815624154788
HOUSEHOLD_1_385_TX_1_validation,2016-04-02,3.253868291615804,1,-2.253868291615804
HOUSEHOLD_1_385_TX_1_validation,2016-04-03,3.474550113536132,5,1.5254498864638681
HOUSEHOLD_1_385_TX_1_validation,2016-04-04,2.7067685222065094,1,-1.7067685222065094
HOUSEHOLD_1_385_TX_1_validation,2016-04-05,2.4356128161641055,3,0.5643871838358945
HOUSEHOLD_1_385_TX_1_validation,2016-04-06,2.414483384717675,1,-1.4144833847176752
HOUSEHOLD_1_385_TX_1_validation,2016-04-07,2.1171575173325747,4,1.8828424826674253
HOUSEHOLD_1_385_TX_1_validation,2016-04-08,2.663159108756286,2,-0.663159108756286
HOUSEHOLD_1_385_TX_1_validation,2016-04-09,3.6354023444539116,4,0.36459765554608836
HOUSEHOLD_1_385_TX_1_validation,2016-04-10,3.978460349978368,0,-3.978460349978368
HOUSEHOLD_1_385_TX_1_validation,2016-04-11,3.0614058256000725,1,-2.0614058256000725
HOUSEHOLD_1_385_TX_1_validation,2016-04-12,2.6854261845710927,3,0.3145738154289073
HOUSEHOLD_1_385_TX_1_validation,2016-04-13,2.260122597243783,3,0.7398774027562172
HOUSEHOLD_1_385_TX_1_validation,2016-04-14,2.0862153378632087,2,-0.08621533786320867
HOUSEHOLD_1_385_TX_1_validation,2016-04-15,2.8605057996283056,2,-0.8605057996283056
HOUSEHOLD_1_385_TX_1_validation,2016-04-16,3.2802042593976823,4,0.7197957406023177
HOUSEHOLD_1_385_TX_1_validation,2016-04-17,4.696881319976937,3,-1.6968813199769368
HOUSEHOLD_1_385_TX_1_validation,2016-04-18,2.8490897949545384,1,-1.8490897949545384
HOUSEHOLD_1_385_TX_1_validation,2016-04-19,2.329829569455707,8,5.670170430544292
HOUSEHOLD_1_385_TX_1_validation,2016-04-20,2.2568944094201537,0,-2.2568944094201537
HOUSEHOLD_1_385_TX_1_validation,2016-04-21,2.2680340614002095,3,0.7319659385997905
HOUSEHOLD_1_385_TX_1_validation,2016-04-22,2.5505033979789427,3,0.44949660202105735
HOUSEHOLD_1_385_TX_1_validation,2016-04-23,3.153513276226913,5,1.8464867237730869
HOUSEHOLD_1_385_TX_1_validation,2016-04-24,3.780243457885602,5,1.219756542114398
FOODS_3_131_TX_1_validation,2016-03-28,2.0606530027274026,1,-1.0606530027274026
FOODS_3_131_TX_1_validation,2016-03-29,1.6004857159947892,2,0.39951428400521083
FOODS_3_131_TX_1_validation,2016-03-30,1.7616234135023408,1,-0.7616234135023408
FOODS_3_131_TX_1_validation,2016-03-31,1.622707647162906,4,2.377292352837094
FOODS_3_131_TX_1_validation,2016-04-01,2.4709565126951265,2,-0.4709565126951265
FOODS_3_131_TX_1_validation,2016-04-02,2.630419362871252,3,0.369580637128748
FOODS_3_131_TX_1_validation,2016-04-03,2.8316748315577476,1,-1.8316748315577476
FOODS_3_131_TX_1_validation,2016-04-04,2.526137924879133,1,-1.5261379248791331
FOODS_3_131_TX_1_validation,2016-04-05,2.1563613776016304,0,-2.1563613776016304
FOODS_3_131_TX_1_validation,2016-04-06,1.8933018795549628,2,0.10669812044503724
FOODS_3_131_TX_1_validation,2016-04-07,1.9434800590819632,1,-0.9434800590819632
FOODS_3_131_TX_1_validation,2016-04-08,1.6565398113908667,0,-1.6565398113908667
FOODS_3_131_TX_1_validation,2016-04-09,2.0839493137031195,2,-0.08394931370311953
FOODS_3_131_TX_1_validation,2016-04-10,1.865021332384726,3,1.134978667615274
FOODS_3_131_TX_1_validation,2016-04-11,2.1480494997647916,3,0.8519505002352084
FOODS_3_131_TX_1_validation,2016-04-12,1.864504781062796,3,1.135495218937204
FOODS_3_131_TX_1_validation,2016-04-13,2.098101576787478,1,-1.098101576787478
FOODS_3_131_TX_1_validation,2016-04-14,1.8202162414049399,7,5.17978375859506
FOODS_3_131_TX_1_validation,2016-04-15,2.3151508376994054,1,-1.3151508376994054
FOODS_3_131_TX_1_validation,2016-04-16,2.585273652389188,1,-1.585273652389188
FOODS_3_131_TX_1_validation,2016-04-17,2.5361217014178337,2,-0.5361217014178337
FOODS_3_131_TX_1_validation,2016-04-18,1.977725709602393,0,-1.977725709602393
FOODS_3_131_TX_1_validation,2016-04-19,1.6787431847840721,1,-0.6787431847840721
FOODS_3_131_TX_1_validation,2016-04-20,1.6879189229900857,1,-0.6879189229900857
FOODS_3_131_TX_1_validation,2016-04-21,1.4175053979412682,1,-0.4175053979412682
FOODS_3_131_TX_1_validation,2016-04-22,1.3793404148507913,1,-0.3793404148507913
FOODS_3_131_TX_1_validation,2016-04-23,1.734252085105038,6,4.265747914894962
FOODS_3_131_TX_1_validation,2016-04-24,2.0727648775580567,2,-0.07276487755805672
FOODS_3_288_TX_1_validation,2016-03-28,10.472816385002892,2,-8.472816385002892
FOODS_3_288_TX_1_validation,2016-03-29,9.319458679396297,14,4.680541320603703
FOODS_3_288_TX_1_validation,2016-03-30,10.469642849585425,0,-10.469642849585425
FOODS_3_288_TX_1_validation,2016-03-31,9.341801013591612,14,4.658198986408388
FOODS_3_288_TX_1_validation,2016-04-01,10.431764734374863,10,-0.4317647343748625
FOODS_3_288_TX_1_validation,2016-04-02,11.74103050438433,14,2.25896949561567
FOODS_3_288_TX_1_validation,2016-04-03,13.350707700813201,48,34.6492922991868
FOODS_3_288_TX_1_validation,2016-04-04,14.837324857059313,25,10.162675142940687
FOODS_3_288_TX_1_validation,2016-04-05,14.086372241036884,27,12.913627758963116
FOODS_3_288_TX_1_validation,2016-04-06,20.18297402176272,27,6.817025978237279
FOODS_3_288_TX_1_validation,2016-04-07,15.998990218081527,14,-1.998990218081527
FOODS_3_288_TX_1_validation,2016-04-08,16.141420420239676,17,0.858579579760324
FOODS_3_288_TX_1_validation,2016-04-09,24.972752514448253,21,-3.9727525144482527
FOODS_3_288_TX_1_validation,2016-04-10,21.624805954007424,18,-3.6248059540074244
FOODS_3_288_TX_1_validation,2016-04-11,16.307943474554087,13,-3.3079434745540865
FOODS_3_288_TX_1_validation,2016-04-12,15.359910710531741,13,-2.359910710531741
FOODS_3_288_TX_1_validation,2016-04-13,13.973925989222911,8,-5.973925989222911
FOODS_3_288_TX_1_validation,2016-04-14,12.277605282811189,12,-0.277605282811189
FOODS_3_288_TX_1_validation,2016-04-15,12.563801431161723,10,-2.563801431161723
FOODS_3_288_TX_1_validation,2016-04-16,12.165577696940568,13,0.8344223030594318
FOODS_3_288_TX_1_validation,2016-04-17,16.247382582151932,19,2.752617417848068
FOODS_3_288_TX_1_validation,2016-04-18,11.718325627861308,19,7.281674372138692
FOODS_3_288_TX_1_validation,2016-04-19,11.179780594649014,18,6.820219405350986
FOODS_3_288_TX_1_validation,2016-04-20,12.211051658818477,15,2.7889483411815235
FOODS_3_288_TX_1_validation,2016-04-21,12.736964408571051,23,10.263035591428949
FOODS_3_288_TX_1_validation,2016-04-22,15.026385240006961,14,-1.0263852400069613
FOODS_3_288_TX_1_validation,2016-04-23,19.31272375892966,12,-7.3127237589296605
FOODS_3_288_TX_1_validation,2016-04-24,21.352159489745915,9,-12.352159489745915
FOODS_3_764_TX_1_validation,2016-03-28,3.700080990796287,5,1.299919009203713
FOODS_3_764_TX_1_validation,2016-03-29,3.9031820388743577,8,4.096817961125643
FOODS_3_764_TX_1_validation,2016-03-30,3.9761331932646824,1,-2.9761331932646824
FOODS_3_764_TX_1_validation,2016-03-31,3.889179022945188,3,-0.8891790229451879
FOODS_3_764_TX_1_validation,2016-04-01,4.546598279662409,6,1.4534017203375909
FOODS_3_764_TX_1_validation,2016-04-02,4.8356966741846765,1,-3.8356966741846765
FOODS_3_764_TX_1_validation,2016-04-03,4.9556173048620495,6,1.0443826951379505
FOODS_3_764_TX_1_validation,2016-04-04,3.898783958423346,6,2.101216041576654
FOODS_3_764_TX_1_validation,2016-04-05,3.832531551585074,3,-0.832531551585074
FOODS_3_764_TX_1_validation,2016-04-06,3.561446295800075,10,6.438553704199925
FOODS_3_764_TX_1_validation,2016-04-07,4.202752827910669,2,-2.202752827910669
FOODS_3_764_TX_1_validation,2016-04-08,4.42566197595589,0,-4.42566197595589
FOODS_3_764_TX_1_validation,2016-04-09,5.137695224672919,4,-1.1376952246729193
FOODS_3_764_TX_1_validation,2016-04-10,5.15104859155336,4,-1.1510485915533604
FOODS_3_764_TX_1_validation,2016-04-11,4.073902020809714,1,-3.0739020208097143
FOODS_3_764_TX_1_validation,2016-04-12,3.4507359303417253,4,0.5492640696582747
FOODS_3_764_TX_1_validation,2016-04-13,3.396432656053625,10,6.603567343946375
FOODS_3_764_TX_1_validation,2016-04-14,3.745629361903236,3,-0.7456293619032359
FOODS_3_764_TX_1_validation,2016-04-15,4.15348612134015,4,-0.15348612134015038
FOODS_3_764_TX_1_validation,2016-04-16,4.913565099153652,11,6.086434900846348
FOODS_3_764_TX_1_validation,2016-04-17,5.349210537895688,8,2.6507894621043118
FOODS_3_764_TX_1_validation,2016-04-18,4.589075094203382,9,4.410924905796618
FOODS_3_764_TX_1_validation,2016-04-19,5.424068948051802,9,3.5759310519481984
FOODS_3_764_TX_1_validation,2016-04-20,5.748308035206833,11,5.251691964793167
FOODS_3_764_TX_1_validation,2016-04-21,6.02212629432764,6,-0.022126294327639684
FOODS_3_764_TX_1_validation,2016-04-22,6.946271402229141,11,4.053728597770859
FOODS_3_764_TX_1_validation,2016-04-23,7.973579434089948,8,0.02642056591005204
FOODS_3_764_TX_1_validation,2016-04-24,8.00193997504116,9,0.9980600249588392
HOUSEHOLD_1_385_TX_2_validation,2016-03-28,1.9264359052163127,3,1.0735640947836873
HOUSEHOLD_1_385_TX_2_validation,2016-03-29,1.841963050317064,1,-0.8419630503170641
HOUSEHOLD_1_385_TX_2_validation,2016-03-30,2.1067785041463254,0,-2.1067785041463254
HOUSEHOLD_1_385_TX_2_validation,2016-03-31,1.79426185929357,1,-0.79426185929357
HOUSEHOLD_1_385_TX_2_validation,2016-04-01,1.932243012222437,0,-1.932243012222437
HOUSEHOLD_1_385_TX_2_validation,2016-04-02,2.1129779125172536,2,-0.11297791251725364
HOUSEHOLD_1_385_TX_2_validation,2016-04-03,2.4748189237119242,2,-0.47481892371192425
HOUSEHOLD_1_385_TX_2_validation,2016-04-04,1.8346093136292791,3,1.1653906863707209
HOUSEHOLD_1_385_TX_2_validation,2016-04-05,1.644421737261991,1,-0.6444217372619909
HOUSEHOLD_1_385_TX_2_validation,2016-04-06,1.7563434117983496,0,-1.7563434117983496
HOUSEHOLD_1_385_TX_2_validation,2016-04-07,1.5899951498691118,1,-0.5899951498691118
HOUSEHOLD_1_385_TX_2_validation,2016-04-08,1.824618216195198,0,-1.824618216195198
HOUSEHOLD_1_385_TX_2_validation,2016-04-09,1.9724470892069217,4,2.0275529107930783
HOUSEHOLD_1_385_TX_2_validation,2016-04-10,2.551529580359332,2,-0.5515295803593321
HOUSEHOLD_1_385_TX_2_validation,2016-04-11,2.053245556484202,3,0.9467544435157982
HOUSEHOLD_1_385_TX_2_validation,2016-04-12,1.9697598446875504,1,-0.9697598446875504
HOUSEHOLD_1_385_TX_2_validation,2016-04-13,1.8664336655757785,2,0.1335663344242215
HOUSEHOLD_1_385_TX_2_validation,2016-04-14,1.7018634618681159,1,-0.7018634618681159
HOUSEHOLD_1_385_TX_2_validation,2016-04-15,2.1319018458848467,0,-2.1319018458848467
HOUSEHOLD_1_385_TX_2_validation,2016-04-16,2.1022829362387263,1,-1.1022829362387263
HOUSEHOLD_1_385_TX_2_validation,2016-04-17,2.2349439753396836,2,-0.2349439753396836
HOUSEHOLD_1_385_TX_2_validation,2016-04-18,1.8600199857283852,3,1.1399800142716148
HOUSEHOLD_1_385_TX_2_validation,2016-04-19,1.6879451228700537,7,5.312054877129946
HOUSEHOLD_1_385_TX_2_validation,2016-04-20,2.00281659754514,4,1.9971834024548598
HOUSEHOLD_1_385_TX_2_validation,2016-04-21,1.5652456258391145,3,1.4347543741608855
HOUSEHOLD_1_385_TX_2_validation,2016-04-22,1.8632886784720135,2,0.13671132152798648
HOUSEHOLD_1_385_TX_2_validation,2016-04-23,2.7381580315653915,2,-0.7381580315653915
HOUSEHOLD_1_385_TX_2_validation,2016-04-24,2.7957414643146032,1,-1.7957414643146032
FOODS_3_131_TX_2_validation,2016-03-28,2.096034683621551,0,-2.096034683621551
FOODS_3_131_TX_2_validation,2016-03-29,2.3044640013238347,0,-2.3044640013238347
FOODS_3_131_TX_2_validation,2016-03-30,1.2193608419879587,4,2.7806391580120415
FOODS_3_131_TX_2_validation,2016-03-31,1.833533933706756,3,1.166466066293244
FOODS_3_131_TX_2_validation,2016-04-01,2.2814901519912065,3,0.7185098480087935
FOODS_3_131_TX_2_validation,2016-04-02,2.521920748523916,5,2.478079251476084
FOODS_3_131_TX_2_validation,2016-04-03,3.4902605006776715,0,-3.4902605006776715
FOODS_3_131_TX_2_validation,2016-04-04,2.6244080009343422,5,2.3755919990656578
FOODS_3_131_TX_2_validation,2016-04-05,2.646722942180196,0,-2.646722942180196
FOODS_3_131_TX_2_validation,2016-04-06,2.704407854988958,1,-1.704407854988958
FOODS_3_131_TX_2_validation,2016-04-07,2.376023589866018,1,-1.3760235898660178
FOODS_3_131_TX_2_validation,2016-04-08,2.0248819044486015,1,-1.0248819044486015
FOODS_3_131_TX_2_validation,2016-04-09,2.3014131697597504,2,-0.3014131697597504
FOODS_3_131_TX_2_validation,2016-04-10,2.462533377680026,1,-1.462533377680026
FOODS_3_131_TX_2_validation,2016-04-11,2.365558201581328,2,-0.3655582015813281
FOODS_3_131_TX_2_validation,2016-04-12,2.1185191148867903,1,-1.1185191148867903
FOODS_3_131_TX_2_validation,2016-04-13,1.913560719145251,2,0.08643928085474895
FOODS_3_131_TX_2_validation,2016-04-14,1.7097059681094566,4,2.2902940318905434
FOODS_3_131_TX_2_validation,2016-04-15,2.4497420068456313,4,1.5502579931543687
FOODS_3_131_TX_2_validation,2016-04-16,2.6709916854952596,4,1.3290083145047404
FOODS_3_131_TX_2_validation,2016-04-17,3.2243741688310594,3,-0.22437416883105943
FOODS_3_131_TX_2_validation,2016-04-18,2.646344656326867,2,-0.6463446563268671
FOODS_3_131_TX_2_validation,2016-04-19,2.272728548195358,0,-2.272728548195358
FOODS_3_131_TX_2_validation,2016-04-20,2.2635747920010125,0,-2.2635747920010125
FOODS_3_131_TX_2_validation,2016-04-21,1.9525750199481602,1,-0.9525750199481602
FOODS_3_131_TX_2_validation,2016-04-22,1.8839629925324795,1,-0.8839629925324795
FOODS_3_131_TX_2_validation,2016-04-23,1.939329509142836,2,0.06067049085716403
FOODS_3_131_TX_2_validation,2016-04-24,2.038760205640379,5,2.961239794359621
FOODS_3_288_TX_2_validation,2016-03-28,8.197204961474835,7,-1.197204961474835
FOODS_3_288_TX_2_validation,2016-03-29,8.063360126674612,7,-1.0633601266746115
FOODS_3_288_TX_2_validation,2016-03-30,7.644693953716562,6,-1.644693953716562
FOODS_3_288_TX_2_validation,2016-03-31,6.489487036988838,8,1.5105129630111618
FOODS_3_288_TX_2_validation,2016-04-01,8.537609680041653,6,-2.537609680041653
FOODS_3_288_TX_2_validation,2016-04-02,9.797173137239005,11,1.202826862760995
FOODS_3_288_TX_2_validation,2016-04-03,10.591995253449143,11,0.4080047465508567
FOODS_3_288_TX_2_validation,2016-04-04,5.938027844529679,10,4.061972155470321
FOODS_3_288_TX_2_validation,2016-04-05,7.2370567978529206,10,2.7629432021470794
FOODS_3_288_TX_2_validation,2016-04-06,7.683531766566471,7,-0.6835317665664711
FOODS_3_288_TX_2_validation,2016-04-07,6.708536391282309,16,9.291463608717692
FOODS_3_288_TX_2_validation,2016-04-08,7.788079491290508,6,-1.7880794912905076
FOODS_3_288_TX_2_validation,2016-04-09,11.054044803965683,11,-0.054044803965682675
FOODS_3_288_TX_2_validation,2016-04-10,10.26842302020887,10,-0.26842302020886954
FOODS_3_288_TX_2_validation,2016-04-11,7.040698577512978,12,4.959301422487022
FOODS_3_288_TX_2_validation,2016-04-12,7.527162602176778,7,-0.5271626021767783
FOODS_3_288_TX_2_validation,2016-04-13,7.139435729370895,11,3.860564270629105
FOODS_3_288_TX_2_validation,2016-04-14,7.958524842665537,3,-4.958524842665537
FOODS_3_288_TX_2_validation,2016-04-15,7.745361792438915,13,5.254638207561085
FOODS_3_288_TX_2_validation,2016-04-16,10.49236344674503,9,-1.4923634467450295
FOODS_3_288_TX_2_validation,2016-04-17,10.62968777733985,20,9.37031222266015
FOODS_3_288_TX_2_validation,2016-04-18,9.21309285335427,7,-2.2130928533542704
FOODS_3_288_TX_2_validation,2016-04-19,7.707732162635225,6,-1.7077321626352253
FOODS_3_288_TX_2_validation,2016-04-20,7.8845892693907675,13,5.1154107306092325
FOODS_3_288_TX_2_validation,2016-04-21,9.044782931725388,12,2.955217068274612
FOODS_3_288_TX_2_validation,2016-04-22,8.822375899957859,10,1.1776241000421415
FOODS_3_288_TX_2_validation,2016-04-23,11.356974404971847,15,3.6430255950281527
FOODS_3_288_TX_2_validation,2016-04-24,13.463124977469882,9,-4.463124977469882
FOODS_3_764_TX_2_validation,2016-03-28,4.956090671327707,5,0.043909328672293135
FOODS_3_764_TX_2_validation,2016-03-29,4.488167662695502,2,-2.488167662695502
FOODS_3_764_TX_2_validation,2016-03-30,4.44132367370585,5,0.5586763262941501
FOODS_3_764_TX_2_validation,2016-03-31,4.532560155212031,3,-1.532560155212031
FOODS_3_764_TX_2_validation,2016-04-01,4.7225062291406825,8,3.2774937708593175
FOODS_3_764_TX_2_validation,2016-04-02,6.100677712037735,15,8.899322287962265
FOODS_3_764_TX_2_validation,2016-04-03,6.369161398238723,10,3.630838601761277
FOODS_3_764_TX_2_validation,2016-04-04,5.3185273115581575,5,-0.3185273115581575
FOODS_3_764_TX_2_validation,2016-04-05,5.962433602159117,10,4.037566397840883
FOODS_3_764_TX_2_validation,2016-04-06,5.815107967175562,6,0.1848920328244379
FOODS_3_764_TX_2_validation,2016-04-07,7.325269984738809,7,-0.3252699847388092
FOODS_3_764_TX_2_validation,2016-04-08,6.899721688967296,2,-4.899721688967296
FOODS_3_764_TX_2_validation,2016-04-09,7.746851329729988,13,5.253148670270012
FOODS_3_764_TX_2_validation,2016-04-10,8.576511625026994,13,4.423488374973006
FOODS_3_764_TX_2_validation,2016-04-11,6.118988572469133,12,5.881011427530867
FOODS_3_764_TX_2_validation,2016-04-12,7.734122503343399,7,-0.7341225033433991
FOODS_3_764_TX_2_validation,2016-04-13,7.6613284728094335,5,-2.6613284728094335
FOODS_3_764_TX_2_validation,2016-04-14,6.402525026229401,8,1.5974749737705993
FOODS_3_764_TX_2_validation,2016-04-15,8.89425571744397,3,-5.89425571744397
FOODS_3_764_TX_2_validation,2016-04-16,8.755124937555092,4,-4.755124937555092
FOODS_3_764_TX_2_validation,2016-04-17,7.841062702397538,7,-0.8410627023975383
FOODS_3_764_TX_2_validation,2016-04-18,5.475525165389595,12,6.524474834610405
FOODS_3_764_TX_2_validation,2016-04-19,5.581970293426216,3,-2.581970293426216
FOODS_3_764_TX_2_validation,2016-04-20,5.4979464545395444,4,-1.4979464545395444
FOODS_3_764_TX_2_validation,2016-04-21,5.249541014845142,3,-2.249541014845142
FOODS_3_764_TX_2_validation,2016-04-22,5.6849040277130625,8,2.3150959722869375
FOODS_3_764_TX_2_validation,2016-04-23,7.56359341362161,4,-3.56359341362161
FOODS_3_764_TX_2_validation,2016-04-24,7.391272833858637,12,4.608727166141363
HOUSEHOLD_1_385_TX_3_validation,2016-03-28,2.825890612218885,4,1.1741093877811148
HOUSEHOLD_1_385_TX_3_validation,2016-03-29,2.53091735059611,7,4.46908264940389
HOUSEHOLD_1_385_TX_3_validation,2016-03-30,2.5450979706723076,2,-0.5450979706723076
HOUSEHOLD_1_385_TX_3_validation,2016-03-31,2.754782849002863,1,-1.7547828490028632
HOUSEHOLD_1_385_TX_3_validation,2016-04-01,2.9207274597650357,4,1.0792725402349643
HOUSEHOLD_1_385_TX_3_validation,2016-04-02,3.7171746991433783,1,-2.7171746991433783
HOUSEHOLD_1_385_TX_3_validation,2016-04-03,3.9474366028643453,4,0.05256339713565472
HOUSEHOLD_1_385_TX_3_validation,2016-04-04,3.0646127722625813,6,2.9353872277374187
HOUSEHOLD_1_385_TX_3_validation,2016-04-05,2.8387037217573883,5,2.1612962782426117
HOUSEHOLD_1_385_TX_3_validation,2016-04-06,2.5484918846615496,3,0.45150811533845037
HOUSEHOLD_1_385_TX_3_validation,2016-04-07,2.5952232728665523,1,-1.5952232728665523
HOUSEHOLD_1_385_TX_3_validation,2016-04-08,2.7043464732589904,2,-0.7043464732589904
HOUSEHOLD_1_385_TX_3_validation,2016-04-09,3.5496200388072277,4,0.45037996119277235
HOUSEHOLD_1_385_TX_3_validation,2016-04-10,3.603449580045153,7,3.396550419954847
HOUSEHOLD_1_385_TX_3_validation,2016-04-11,3.4841605071591877,3,-0.4841605071591877
HOUSEHOLD_1_385_TX_3_validation,2016-04-12,2.8658741730466364,4,1.1341258269533636
HOUSEHOLD_1_385_TX_3_validation,2016-04-13,2.588385352214516,0,-2.588385352214516
HOUSEHOLD_1_385_TX_3_validation,2016-04-14,2.370947141268007,0,-2.370947141268007
HOUSEHOLD_1_385_TX_3_validation,2016-04-15,2.5383246763980036,7,4.461675323601996
HOUSEHOLD_1_385_TX_3_validation,2016-04-16,3.5871897111424604,2,-1.5871897111424604
HOUSEHOLD_1_385_TX_3_validation,2016-04-17,3.8345553145309914,4,0.1654446854690086
HOUSEHOLD_1_385_TX_3_validation,2016-04-18,3.0992892051510914,5,1.9007107948489086
HOUSEHOLD_1_385_TX_3_validation,2016-04-19,2.8443139283372907,1,-1.8443139283372907
HOUSEHOLD_1_385_TX_3_validation,2016-04-20,2.5018348151076255,1,-1.5018348151076255
HOUSEHOLD_1_385_TX_3_validation,2016-04-21,2.3377428818497923,3,0.6622571181502077
HOUSEHOLD_1_385_TX_3_validation,2016-04-22,2.940256196405622,2,-0.9402561964056222
HOUSEHOLD_1_385_TX_3_validation,2016-04-23,3.608943949237651,4,0.39105605076234884
HOUSEHOLD_1_385_TX_3_validation,2016-04-24,4.056146624832231,6,1.9438533751677687
HOUSEHOLD_2_490_TX_3_validation,2016-03-28,1.8402981404854417,1,-0.8402981404854417
HOUSEHOLD_2_490_TX_3_validation,2016-03-29,1.6163352542784597,3,1.3836647457215403
HOUSEHOLD_2_490_TX_3_validation,2016-03-30,1.6189789361630855,2,0.3810210638369145
HOUSEHOLD_2_490_TX_3_validation,2016-03-31,1.6705901940974672,2,0.32940980590253277
HOUSEHOLD_2_490_TX_3_validation,2016-04-01,2.3343627140996674,1,-1.3343627140996674
HOUSEHOLD_2_490_TX_3_validation,2016-04-02,2.5422364019970507,2,-0.5422364019970507
HOUSEHOLD_2_490_TX_3_validation,2016-04-03,2.7149842466488012,3,0.2850157533511988
HOUSEHOLD_2_490_TX_3_validation,2016-04-04,1.900764390425587,4,2.099235609574413
HOUSEHOLD_2_490_TX_3_validation,2016-04-05,2.0238306803431896,1,-1.0238306803431896
HOUSEHOLD_2_490_TX_3_validation,2016-04-06,1.8901695730216785,2,0.10983042697832146
HOUSEHOLD_2_490_TX_3_validation,2016-04-07,1.8687171799366122,0,-1.8687171799366122
HOUSEHOLD_2_490_TX_3_validation,2016-04-08,2.009082382221436,3,0.9909176177785639
HOUSEHOLD_2_490_TX_3_validation,2016-04-09,2.5228258748781425,3,0.47717412512185753
HOUSEHOLD_2_490_TX_3_validation,2016-04-10,2.5219874491418697,3,0.4780125508581303
HOUSEHOLD_2_490_TX_3_validation,2016-04-11,2.0598859087193357,1,-1.0598859087193357
HOUSEHOLD_2_490_TX_3_validation,2016-04-12,1.9741665994984168,1,-0.9741665994984168
HOUSEHOLD_2_490_TX_3_validation,2016-04-13,1.9959895101024376,2,0.004010489897562364
HOUSEHOLD_2_490_TX_3_validation,2016-04-14,1.8688652217480657,2,0.13113477825193431
HOUSEHOLD_2_490_TX_3_validation,2016-04-15,2.143681496120805,1,-1.1436814961208048
HOUSEHOLD_2_490_TX_3_validation,2016-04-16,2.532503157393632,1,-1.532503157393632
HOUSEHOLD_2_490_TX_3_validation,2016-04-17,2.3474261206833757,2,-0.34742612068337575
HOUSEHOLD_2_490_TX_3_validation,2016-04-18,1.6399036532126365,3,1.3600963467873635
HOUSEHOLD_2_490_TX_3_validation,2016-04-19,1.544450194567039,2,0.455549805432961
HOUSEHOLD_2_490_TX_3_validation,2016-04-20,1.546779670206386,3,1.453220329793614
HOUSEHOLD_2_490_TX_3_validation,2016-04-21,1.5582984505937274,2,0.4417015494062726
HOUSEHOLD_2_490_TX_3_validation,2016-04-22,1.7707567888366182,1,-0.7707567888366182
HOUSEHOLD_2_490_TX_3_validation,2016-04-23,2.2194622488085485,2,-0.21946224880854848
HOUSEHOLD_2_490_TX_3_validation,2016-04-24,2.32377946028025,3,0.67622053971975
FOODS_2_059_TX_3_validation,2016-03-28,3.28485165438663,3,-0.28485165438662996
FOODS_2_059_TX_3_validation,2016-03-29,2.402214277490319,2,-0.402214277490319
FOODS_2_059_TX_3_validation,2016-03-30,2.187032880328599,1,-1.1870328803285992
FOODS_2_059_TX_3_validation,2016-03-31,1.8903896550093224,1,-0.8903896550093224
FOODS_2_059_TX_3_validation,2016-04-01,3.1998118519321106,4,0.8001881480678894
FOODS_2_059_TX_3_validation,2016-04-02,3.1746706953407853,1,-2.1746706953407853
FOODS_2_059_TX_3_validation,2016-04-03,3.857738516641176,2,-1.857738516641176
FOODS_2_059_TX_3_validation,2016-04-04,2.932970007585477,3,0.06702999241452279
FOODS_2_059_TX_3_validation,2016-04-05,2.647104642507873,7,4.352895357492127
FOODS_2_059_TX_3_validation,2016-04-06,2.78673250046557,2,-0.7867325004655701
FOODS_2_059_TX_3_validation,2016-04-07,2.567047130091291,2,-0.5670471300912912
FOODS_2_059_TX_3_validation,2016-04-08,2.4052692664811546,2,-0.4052692664811546
FOODS_2_059_TX_3_validation,2016-04-09,2.900359244828639,6,3.099640755171361
FOODS_2_059_TX_3_validation,2016-04-10,3.3058997619952555,5,1.6941002380047445
FOODS_2_059_TX_3_validation,2016-04-11,3.7638212101828743,4,0.2361787898171257
FOODS_2_059_TX_3_validation,2016-04-12,3.307004292667809,7,3.692995707332191
FOODS_2_059_TX_3_validation,2016-04-13,2.9140789782325975,2,-0.9140789782325975
FOODS_2_059_TX_3_validation,2016-04-14,2.472577343251546,3,0.5274226567484539
FOODS_2_059_TX_3_validation,2016-04-15,3.114268863174372,9,5.885731136825628
FOODS_2_059_TX_3_validation,2016-04-16,3.3667031696954255,4,0.6332968303045745
FOODS_2_059_TX_3_validation,2016-04-17,3.5736784794250736,4,0.42632152057492645
FOODS_2_059_TX_3_validation,2016-04-18,3.4216725504202627,3,-0.42167255042026275
FOODS_2_059_TX_3_validation,2016-04-19,3.059596117299866,1,-2.059596117299866
FOODS_2_059_TX_3_validation,2016-04-20,2.773256717555988,6,3.226743282444012
FOODS_2_059_TX_3_validation,2016-04-21,2.815897047345407,2,-0.8158970473454068
FOODS_2_059_TX_3_validation,2016-04-22,3.10857971751038,1,-2.10857971751038
FOODS_2_059_TX_3_validation,2016-04-23,3.187725047471915,2,-1.1877250474719152
FOODS_2_059_TX_3_validation,2016-04-24,2.9359622872265656,1,-1.9359622872265656
FOODS_3_288_TX_3_validation,2016-03-28,5.777362129759585,8,2.2226378702404146
FOODS_3_288_TX_3_validation,2016-03-29,5.871471159970094,4,-1.8714711599700937
FOODS_3_288_TX_3_validation,2016-03-30,6.020855383615015,4,-2.0208553836150154
FOODS_3_288_TX_3_validation,2016-03-31,6.345589244849595,6,-0.3455892448495952
FOODS_3_288_TX_3_validation,2016-04-01,6.4210007630337955,5,-1.4210007630337955
FOODS_3_288_TX_3_validation,2016-04-02,6.934929104073136,8,1.0650708959268638
FOODS_3_288_TX_3_validation,2016-04-03,7.561716247075169,9,1.4382837529248311
FOODS_3_288_TX_3_validation,2016-04-04,6.11565753381561,2,-4.11565753381561
FOODS_3_288_TX_3_validation,2016-04-05,6.05163008315529,0,-6.05163008315529
FOODS_3_288_TX_3_validation,2016-04-06,5.225488469903421,2,-3.2254884699034214
FOODS_3_288_TX_3_validation,2016-04-07,5.137782906078279,5,-0.1377829060782787
FOODS_3_288_TX_3_validation,2016-04-08,4.642793159785193,3,-1.6427931597851932
FOODS_3_288_TX_3_validation,2016-04-09,5.411126923963588,4,-1.4111269239635877
FOODS_3_288_TX_3_validation,2016-04-10,4.919092048007949,7,2.0809079519920513
FOODS_3_288_TX_3_validation,2016-04-11,3.939868233827118,4,0.060131766172882184
FOODS_3_288_TX_3_validation,2016-04-12,3.6928670441628713,4,0.30713295583712874
FOODS_3_288_TX_3_validation,2016-04-13,4.214344447085134,7,2.785655552914866
FOODS_3_288_TX_3_validation,2016-04-14,4.494363275394167,6,1.505636724605833
FOODS_3_288_TX_3_validation,2016-04-15,4.9602233088276035,6,1.0397766911723965
FOODS_3_288_TX_3_validation,2016-04-16,5.90400789080601,2,-3.9040078908060103
FOODS_3_288_TX_3_validation,2016-04-17,5.78747831420374,6,0.2125216857962604
FOODS_3_288_TX_3_validation,2016-04-18,5.604569350044802,4,-1.6045693500448017
FOODS_3_288_TX_3_validation,2016-04-19,4.369804003107453,5,0.6301959968925468
FOODS_3_288_TX_3_validation,2016-04-20,4.515935028885733,4,-0.5159350288857327
FOODS_3_288_TX_3_validation,2016-04-21,4.1254495489462695,7,2.8745504510537305
FOODS_3_288_TX_3_validation,2016-04-22,4.723144222893223,7,2.2768557771067766
FOODS_3_288_TX_3_validation,2016-04-23,5.978303035689195,11,5.021696964310805
FOODS_3_288_TX_3_validation,2016-04-24,6.688297234750952,5,-1.6882972347509524
FOODS_3_764_TX_3_validation,2016-03-28,2.0115301065231024,7,4.988469893476898
FOODS_3_764_TX_3_validation,2016-03-29,2.253467583229416,1,-1.253467583229416
FOODS_3_764_TX_3_validation,2016-03-30,2.1956417383918465,10,7.8043582616081535
FOODS_3_764_TX_3_validation,2016-03-31,3.388068272232834,1,-2.388068272232834
FOODS_3_764_TX_3_validation,2016-04-01,3.4347770576839656,0,-3.4347770576839656
FOODS_3_764_TX_3_validation,2016-04-02,3.442435677880573,2,-1.4424356778805731
FOODS_3_764_TX_3_validation,2016-04-03,3.690646013623541,3,-0.690646013623541
FOODS_3_764_TX_3_validation,2016-04-04,3.1150369704913596,3,-0.11503697049135964
FOODS_3_764_TX_3_validation,2016-04-05,3.127527715950473,3,-0.12752771595047285
FOODS_3_764_TX_3_validation,2016-04-06,2.693975541643847,3,0.3060244583561529
FOODS_3_764_TX_3_validation,2016-04-07,2.3856195963640987,5,2.6143804036359013
FOODS_3_764_TX_3_validation,2016-04-08,2.704122230335149,2,-0.7041222303351491
FOODS_3_764_TX_3_validation,2016-04-09,3.6834789955870324,5,1.3165210044129676
FOODS_3_764_TX_3_validation,2016-04-10,3.6080801635303645,3,-0.6080801635303645
FOODS_3_764_TX_3_validation,2016-04-11,3.628426644255835,1,-2.628426644255835
FOODS_3_764_TX_3_validation,2016-04-12,2.7878703925839785,5,2.2121296074160215
FOODS_3_764_TX_3_validation,2016-04-13,3.1352448421578827,2,-1.1352448421578827
FOODS_3_764_TX_3_validation,2016-04-14,2.6940139245050174,2,-0.6940139245050174
FOODS_3_764_TX_3_validation,2016-04-15,3.226951551464902,1,-2.226951551464902
FOODS_3_764_TX_3_validation,2016-04-16,3.412608446006296,1,-2.412608446006296
FOODS_3_764_TX_3_validation,2016-04-17,2.8681790675835335,3,0.13182093241646653
FOODS_3_764_TX_3_validation,2016-04-18,2.733447122045878,3,0.2665528779541222
FOODS_3_764_TX_3_validation,2016-04-19,2.8877743549440034,3,0.11222564505599664
FOODS_3_764_TX_3_validation,2016-04-20,2.434977446768142,2,-0.434977446768142
FOODS_3_764_TX_3_validation,2016-04-21,2.207086165821031,1,-1.207086165821031
FOODS_3_764_TX_3_validation,2016-04-22,2.387262632189431,2,-0.3872626321894308
FOODS_3_764_TX_3_validation,2016-04-23,2.7936915585345785,2,-0.7936915585345785
FOODS_3_764_TX_3_validation,2016-04-24,3.0314251788746667,5,1.9685748211253333
HOBBIES_1_153_WI_1_validation,2016-03-28,2.1553109781536217,3,0.8446890218463783
HOBBIES_1_153_WI_1_validation,2016-03-29,2.2455515180545365,5,2.7544484819454635
HOBBIES_1_153_WI_1_validation,2016-03-30,1.9464936602741736,0,-1.9464936602741736
HOBBIES_1_153_WI_1_validation,2016-03-31,2.135241911520144,2,-0.13524191152014398
HOBBIES_1_153_WI_1_validation,2016-04-01,3.5893004061114056,11,7.4106995938885944
HOBBIES_1_153_WI_1_validation,2016-04-02,4.678961215146624,5,0.3210387848533758
HOBBIES_1_153_WI_1_validation,2016-04-03,4.258145349817464,2,-2.2581453498174637
HOBBIES_1_153_WI_1_validation,2016-04-04,2.09770744692911,2,-0.09770744692910993
HOBBIES_1_153_WI_1_validation,2016-04-05,2.0554912636604272,0,-2.0554912636604272
HOBBIES_1_153_WI_1_validation,2016-04-06,1.3095951774931651,0,-1.3095951774931651
HOBBIES_1_153_WI_1_validation,2016-04-07,1.3497907300500012,1,-0.34979073005000116
HOBBIES_1_153_WI_1_validation,2016-04-08,2.9526782382872026,5,2.0473217617127974
HOBBIES_1_153_WI_1_validation,2016-04-09,3.8879643629138263,4,0.1120356370861737
HOBBIES_1_153_WI_1_validation,2016-04-10,3.872230072301557,2,-1.8722300723015568
HOBBIES_1_153_WI_1_validation,2016-04-11,2.57343566602895,7,4.42656433397105
HOBBIES_1_153_WI_1_validation,2016-04-12,2.247734368320779,2,-0.2477343683207791
HOBBIES_1_153_WI_1_validation,2016-04-13,1.734542287268612,3,1.265457712731388
HOBBIES_1_153_WI_1_validation,2016-04-14,1.7841469356296908,0,-1.7841469356296908
HOBBIES_1_153_WI_1_validation,2016-04-15,3.8290838895557773,2,-1.8290838895557773
HOBBIES_1_153_WI_1_validation,2016-04-16,4.510596972173987,7,2.489403027826013
HOBBIES_1_153_WI_1_validation,2016-04-17,4.200933390454813,7,2.7990666095451866
HOBBIES_1_153_WI_1_validation,2016-04-18,2.1352540903774204,3,0.8647459096225796
HOBBIES_1_153_WI_1_validation,2016-04-19,2.085084144487157,2,-0.08508414448715707
HOBBIES_1_153_WI_1_validation,2016-04-20,1.8489384921187717,1,-0.8489384921187717
HOBBIES_1_153_WI_1_validation,2016-04-21,1.6688166009332346,0,-1.6688166009332346
HOBBIES_1_153_WI_1_validation,2016-04-22,3.523520952361425,1,-2.523520952361425
HOBBIES_1_153_WI_1_validation,2016-04-23,4.463667683772071,3,-1.463667683772071
HOBBIES_1_153_WI_1_validation,2016-04-24,3.8616662136581557,2,-1.8616662136581557
HOBBIES_1_327_WI_1_validation,2016-03-28,1.5546228031504412,0,-1.5546228031504412
HOBBIES_1_327_WI_1_validation,2016-03-29,1.4419938745012963,1,-0.44199387450129635
HOBBIES_1_327_WI_1_validation,2016-03-30,1.3864271301430395,0,-1.3864271301430395
HOBBIES_1_327_WI_1_validation,2016-03-31,1.506538217320243,3,1.493461782679757
HOBBIES_1_327_WI_1_validation,2016-04-01,1.929390352433789,6,4.0706096475662115
HOBBIES_1_327_WI_1_validation,2016-04-02,2.3167379477111316,3,0.6832620522888684
HOBBIES_1_327_WI_1_validation,2016-04-03,2.5094915249375416,3,0.4905084750624584
HOBBIES_1_327_WI_1_validation,2016-04-04,1.4605939819074008,1,-0.46059398190740075
HOBBIES_1_327_WI_1_validation,2016-04-05,1.487111249479499,2,0.5128887505205011
HOBBIES_1_327_WI_1_validation,2016-04-06,1.591612818811652,1,-0.5916128188116521
HOBBIES_1_327_WI_1_validation,2016-04-07,1.6729567206643154,2,0.32704327933568456
HOBBIES_1_327_WI_1_validation,2016-04-08,2.0092351656829894,1,-1.0092351656829894
HOBBIES_1_327_WI_1_validation,2016-04-09,2.210388734973253,3,0.7896112650267471
HOBBIES_1_327_WI_1_validation,2016-04-10,2.2960696078808,3,0.7039303921191999
HOBBIES_1_327_WI_1_validation,2016-04-11,1.571492778108161,1,-0.5714927781081609
HOBBIES_1_327_WI_1_validation,2016-04-12,1.6810834132548569,1,-0.6810834132548569
HOBBIES_1_327_WI_1_validation,2016-04-13,1.5374193129305216,0,-1.5374193129305216
HOBBIES_1_327_WI_1_validation,2016-04-14,1.8160299383890117,4,2.1839700616109883
HOBBIES_1_327_WI_1_validation,2016-04-15,1.9927496269015315,1,-0.9927496269015315
HOBBIES_1_327_WI_1_validation,2016-04-16,2.191591058110757,2,-0.19159105811075694
HOBBIES_1_327_WI_1_validation,2016-04-17,2.170301675027816,2,-0.17030167502781612
HOBBIES_1_327_WI_1_validation,2016-04-18,1.4709603756147946,2,0.5290396243852054
HOBBIES_1_327_WI_1_validation,2016-04-19,1.4307266182943335,2,0.5692733817056665
HOBBIES_1_327_WI_1_validation,2016-04-20,1.459005280537655,1,-0.459005280537655
HOBBIES_1_327_WI_1_validation,2016-04-21,1.571554296342997,0,-1.571554296342997
HOBBIES_1_327_WI_1_validation,2016-04-22,1.9459260428708607,2,0.054073957129139316
HOBBIES_1_327_WI_1_validation,2016-04-23,2.3324408329635484,2,-0.3324408329635484
HOBBIES_1_327_WI_1_validation,2016-04-24,2.322312065683758,3,0.6776879343162419
HOUSEHOLD_1_385_WI_1_validation,2016-03-28,2.1156192133457417,4,1.8843807866542583
HOUSEHOLD_1_385_WI_1_validation,2016-03-29,2.27944672659807,0,-2.27944672659807
HOUSEHOLD_1_385_WI_1_validation,2016-03-30,2.368591598331873,3,0.6314084016681272
HOUSEHOLD_1_385_WI_1_validation,2016-03-31,2.151916283935609,1,-1.1519162839356092
HOUSEHOLD_1_385_WI_1_validation,2016-04-01,3.5389183584500254,8,4.461081641549974
HOUSEHOLD_1_385_WI_1_validation,2016-04-02,4.209455252026771,8,3.790544747973229
HOUSEHOLD_1_385_WI_1_validation,2016-04-03,3.5990342975727603,7,3.4009657024272397
HOUSEHOLD_1_385_WI_1_validation,2016-04-04,2.780467185469988,0,-2.780467185469988
HOUSEHOLD_1_385_WI_1_validation,2016-04-05,2.1633667208180283,1,-1.1633667208180283
HOUSEHOLD_1_385_WI_1_validation,2016-04-06,2.30735926337666,1,-1.30735926337666
HOUSEHOLD_1_385_WI_1_validation,2016-04-07,2.1118549835416616,1,-1.1118549835416616
HOUSEHOLD_1_385_WI_1_validation,2016-04-08,3.0312971151603287,5,1.9687028848396713
HOUSEHOLD_1_385_WI_1_validation,2016-04-09,3.6789026994820206,10,6.321097300517979
HOUSEHOLD_1_385_WI_1_validation,2016-04-10,3.6355106673687887,4,0.3644893326312113
HOUSEHOLD_1_385_WI_1_validation,2016-04-11,2.5332007117402426,2,-0.5332007117402426
HOUSEHOLD_1_385_WI_1_validation,2016-04-12,2.146669909304095,1,-1.1466699093040948
HOUSEHOLD_1_385_WI_1_validation,2016-04-13,2.3304091760898755,0,-2.3304091760898755
HOUSEHOLD_1_385_WI_1_validation,2016-04-14,2.2523102220762965,1,-1.2523102220762965
HOUSEHOLD_1_385_WI_1_validation,2016-04-15,3.3642870787110493,3,-0.36428707871104926
HOUSEHOLD_1_385_WI_1_validation,2016-04-16,3.6010723188676765,4,0.39892768113232346
HOUSEHOLD_1_385_WI_1_validation,2016-04-17,3.5223727685623905,6,2.4776272314376095
HOUSEHOLD_1_385_WI_1_validation,2016-04-18,2.139909599967066,4,1.860090400032934
HOUSEHOLD_1_385_WI_1_validation,2016-04-19,1.9955937195375932,3,1.0044062804624068
HOUSEHOLD_1_385_WI_1_validation,2016-04-20,2.124615648521816,4,1.8753843514781838
HOUSEHOLD_1_385_WI_1_validation,2016-04-21,2.370565561541192,1,-1.3705655615411918
HOUSEHOLD_1_385_WI_1_validation,2016-04-22,3.4227971263530694,4,0.5772028736469306
HOUSEHOLD_1_385_WI_1_validation,2016-04-23,4.095447366968149,5,0.9045526330318507
HOUSEHOLD_1_385_WI_1_validation,2016-04-24,3.9843495857670335,4,0.015650414232966536
FOODS_3_131_WI_1_validation,2016-03-28,3.6027249612376555,5,1.3972750387623445
FOODS_3_131_WI_1_validation,2016-03-29,3.241390333785479,16,12.758609666214522
FOODS_3_131_WI_1_validation,2016-03-30,3.6171482572971008,1,-2.6171482572971008
FOODS_3_131_WI_1_validation,2016-03-31,3.3197829787770314,1,-2.3197829787770314
FOODS_3_131_WI_1_validation,2016-04-01,4.52675336689368,3,-1.5267533668936801
FOODS_3_131_WI_1_validation,2016-04-02,4.939377879968739,13,8.060622120031262
FOODS_3_131_WI_1_validation,2016-04-03,5.693843561091045,8,2.306156438908955
FOODS_3_131_WI_1_validation,2016-04-04,4.006860130559084,7,2.993139869440916
FOODS_3_131_WI_1_validation,2016-04-05,4.153248217321376,7,2.8467517826786244
FOODS_3_131_WI_1_validation,2016-04-06,4.257428862644428,4,-0.2574288626444279
FOODS_3_131_WI_1_validation,2016-04-07,3.898405605752045,7,3.101594394247955
FOODS_3_131_WI_1_validation,2016-04-08,4.882907948844405,3,-1.8829079488444052
FOODS_3_131_WI_1_validation,2016-04-09,7.184590037931195,6,-1.184590037931195
FOODS_3_131_WI_1_validation,2016-04-10,6.7723942579647245,5,-1.7723942579647245
FOODS_3_131_WI_1_validation,2016-04-11,4.806518514977103,8,3.1934814850228967
FOODS_3_131_WI_1_validation,2016-04-12,4.824400125652981,6,1.1755998743470188
FOODS_3_131_WI_1_validation,2016-04-13,4.702300105947213,2,-2.702300105947213
FOODS_3_131_WI_1_validation,2016-04-14,4.694324677165487,4,-0.6943246771654872
FOODS_3_131_WI_1_validation,2016-04-15,4.443360970934392,2,-2.4433609709343918
FOODS_3_131_WI_1_validation,2016-04-16,5.142566773222185,5,-0.14256677322218536
FOODS_3_131_WI_1_validation,2016-04-17,5.715488985667113,14,8.284511014332887
FOODS_3_131_WI_1_validation,2016-04-18,3.818641288521374,0,-3.818641288521374
FOODS_3_131_WI_1_validation,2016-04-19,3.5402388425347007,2,-1.5402388425347007
FOODS_3_131_WI_1_validation,2016-04-20,3.6414261886219346,4,0.35857381137806543
FOODS_3_131_WI_1_validation,2016-04-21,3.583732442340441,3,-0.5837324423404411
FOODS_3_131_WI_1_validation,2016-04-22,3.7446782237504803,4,0.2553217762495197
FOODS_3_131_WI_1_validation,2016-04-23,5.212009642388272,8,2.7879903576117284
FOODS_3_131_WI_1_validation,2016-04-24,5.377531662609159,7,1.622468337390841
FOODS_3_288_WI_1_validation,2016-03-28,7.778310049869007,9,1.221689950130993
FOODS_3_288_WI_1_validation,2016-03-29,7.22465404024346,6,-1.2246540402434603
FOODS_3_288_WI_1_validation,2016-03-30,8.210771951012909,15,6.789228048987091
FOODS_3_288_WI_1_validation,2016-03-31,8.640252653859507,8,-0.6402526538595072
FOODS_3_288_WI_1_validation,2016-04-01,9.452432538268225,3,-6.452432538268225
FOODS_3_288_WI_1_validation,2016-04-02,13.338804038734084,9,-4.338804038734084
FOODS_3_288_WI_1_validation,2016-04-03,11.804835786761938,17,5.195164213238062
FOODS_3_288_WI_1_validation,2016-04-04,7.536371893972877,12,4.463628106027123
FOODS_3_288_WI_1_validation,2016-04-05,7.924385307577384,12,4.075614692422616
FOODS_3_288_WI_1_validation,2016-04-06,8.900572210674955,9,0.09942778932504481
FOODS_3_288_WI_1_validation,2016-04-07,8.078089894746869,12,3.921910105253131
FOODS_3_288_WI_1_validation,2016-04-08,11.387171318555732,12,0.6128286814442685
FOODS_3_288_WI_1_validation,2016-04-09,15.80381244967546,6,-9.80381244967546
FOODS_3_288_WI_1_validation,2016-04-10,12.250438217181099,12,-0.2504382171810988
FOODS_3_288_WI_1_validation,2016-04-11,8.209022175114354,5,-3.209022175114354
FOODS_3_288_WI_1_validation,2016-04-12,7.59317088401542,10,2.4068291159845803
FOODS_3_288_WI_1_validation,2016-04-13,7.635041742996844,6,-1.6350417429968438
FOODS_3_288_WI_1_validation,2016-04-14,7.5551030689890375,17,9.444896931010963
FOODS_3_288_WI_1_validation,2016-04-15,8.509721691858342,18,9.490278308141658
FOODS_3_288_WI_1_validation,2016-04-16,11.166471775918412,6,-5.166471775918412
FOODS_3_288_WI_1_validation,2016-04-17,11.380158507566662,14,2.6198414924333377
FOODS_3_288_WI_1_validation,2016-04-18,8.434996621660563,8,-0.43499662166056297
FOODS_3_288_WI_1_validation,2016-04-19,7.654665282674202,1,-6.654665282674202
FOODS_3_288_WI_1_validation,2016-04-20,7.292286094086095,10,2.707713905913905
FOODS_3_288_WI_1_validation,2016-04-21,7.560604751598585,8,0.4393952484014152
FOODS_3_288_WI_1_validation,2016-04-22,8.383136064026386,14,5.616863935973614
FOODS_3_288_WI_1_validation,2016-04-23,10.411623772007568,14,3.5883762279924323
FOODS_3_288_WI_1_validation,2016-04-24,11.634056597964351,11,-0.6340565979643511
FOODS_3_764_WI_1_validation,2016-03-28,5.931067547370053,2,-3.931067547370053
FOODS_3_764_WI_1_validation,2016-03-29,5.555236356364194,6,0.444763643635806
FOODS_3_764_WI_1_validation,2016-03-30,5.669741738163877,6,0.33025826183612317
FOODS_3_764_WI_1_validation,2016-03-31,5.276023254394532,3,-2.2760232543945316
FOODS_3_764_WI_1_validation,2016-04-01,6.439118579990493,7,0.5608814200095074
FOODS_3_764_WI_1_validation,2016-04-02,6.858626844077878,4,-2.858626844077878
FOODS_3_764_WI_1_validation,2016-04-03,6.977029383012741,11,4.022970616987259
FOODS_3_764_WI_1_validation,2016-04-04,5.6648203554605665,2,-3.6648203554605665
FOODS_3_764_WI_1_validation,2016-04-05,5.586113819263807,3,-2.586113819263807
FOODS_3_764_WI_1_validation,2016-04-06,5.049024975459674,3,-2.049024975459674
FOODS_3_764_WI_1_validation,2016-04-07,4.539623865294074,17,12.460376134705925
FOODS_3_764_WI_1_validation,2016-04-08,5.782616935376378,10,4.217383064623622
FOODS_3_764_WI_1_validation,2016-04-09,7.150452394020118,7,-0.15045239402011834
FOODS_3_764_WI_1_validation,2016-04-10,8.143938866448327,21,12.856061133551673
FOODS_3_764_WI_1_validation,2016-04-11,8.480256277903505,10,1.5197437220964947
FOODS_3_764_WI_1_validation,2016-04-12,8.493204868308098,4,-4.493204868308098
FOODS_3_764_WI_1_validation,2016-04-13,7.253283332118922,6,-1.2532833321189223
FOODS_3_764_WI_1_validation,2016-04-14,7.687873498095837,7,-0.6878734980958372
FOODS_3_764_WI_1_validation,2016-04-15,7.7126043200968155,2,-5.7126043200968155
FOODS_3_764_WI_1_validation,2016-04-16,7.197550903607359,6,-1.1975509036073593
FOODS_3_764_WI_1_validation,2016-04-17,7.667360160421858,9,1.3326398395781416
FOODS_3_764_WI_1_validation,2016-04-18,5.306339322052328,14,8.693660677947673
FOODS_3_764_WI_1_validation,2016-04-19,5.75875162791064,14,8.241248372089359
FOODS_3_764_WI_1_validation,2016-04-20,6.660726277127904,11,4.339273722872096
FOODS_3_764_WI_1_validation,2016-04-21,7.415214644260022,6,-1.415214644260022
FOODS_3_764_WI_1_validation,2016-04-22,8.376399500657802,1,-7.3763995006578025
FOODS_3_764_WI_1_validation,2016-04-23,8.604328512514359,3,-5.604328512514359
FOODS_3_764_WI_1_validation,2016-04-24,9.546681636763127,8,-1.546681636763127
HOBBIES_1_158_WI_2_validation,2016-03-28,4.009523136853372,2,-2.009523136853372
HOBBIES_1_158_WI_2_validation,2016-03-29,4.017580074707615,5,0.9824199252923851
HOBBIES_1_158_WI_2_validation,2016-03-30,3.8476410698716643,5,1.1523589301283357
HOBBIES_1_158_WI_2_validation,2016-03-31,4.141932293713195,5,0.8580677062868052
HOBBIES_1_158_WI_2_validation,2016-04-01,4.736397302103592,2,-2.736397302103592
HOBBIES_1_158_WI_2_validation,2016-04-02,6.169681687530864,5,-1.169681687530864
HOBBIES_1_158_WI_2_validation,2016-04-03,5.710800856839325,5,-0.7108008568393247
HOBBIES_1_158_WI_2_validation,2016-04-04,4.103045048957637,3,-1.1030450489576369
HOBBIES_1_158_WI_2_validation,2016-04-05,4.65709251470287,6,1.3429074852971299
HOBBIES_1_158_WI_2_validation,2016-04-06,4.151988362726013,4,-0.15198836272601302
HOBBIES_1_158_WI_2_validation,2016-04-07,3.85760050250266,4,0.14239949749733993
HOBBIES_1_158_WI_2_validation,2016-04-08,4.498028577574894,2,-2.4980285775748943
HOBBIES_1_158_WI_2_validation,2016-04-09,5.72544134334593,8,2.2745586566540696
HOBBIES_1_158_WI_2_validation,2016-04-10,5.267315263385679,6,0.7326847366143214
HOBBIES_1_158_WI_2_validation,2016-04-11,4.250502718158965,3,-1.2505027181589652
HOBBIES_1_158_WI_2_validation,2016-04-12,4.2387673030087,2,-2.2387673030087
HOBBIES_1_158_WI_2_validation,2016-04-13,3.895123734655784,4,0.1048762653442159
HOBBIES_1_158_WI_2_validation,2016-04-14,4.269699866690373,4,-0.26969986669037294
HOBBIES_1_158_WI_2_validation,2016-04-15,4.236928261413928,0,-4.236928261413928
HOBBIES_1_158_WI_2_validation,2016-04-16,5.435580939074986,7,1.5644190609250144
HOBBIES_1_158_WI_2_validation,2016-04-17,4.670455160412346,7,2.329544839587654
HOBBIES_1_158_WI_2_validation,2016-04-18,3.8409044814362687,3,-0.8409044814362687
HOBBIES_1_158_WI_2_validation,2016-04-19,3.7831467022192955,3,-0.7831467022192955
HOBBIES_1_158_WI_2_validation,2016-04-20,3.840252896657125,5,1.159747103342875
HOBBIES_1_158_WI_2_validation,2016-04-21,3.726405421752211,3,-0.7264054217522111
HOBBIES_1_158_WI_2_validation,2016-04-22,3.36310183252528,7,3.63689816747472
HOBBIES_1_158_WI_2_validation,2016-04-23,5.408908921094019,7,1.591091078905981
HOBBIES_1_158_WI_2_validation,2016-04-24,5.096553240641393,6,0.9034467593586069
FOODS_3_131_WI_2_validation,2016-03-28,2.5856347085615052,1,-1.5856347085615052
FOODS_3_131_WI_2_validation,2016-03-29,2.5611406431500208,2,-0.5611406431500208
FOODS_3_131_WI_2_validation,2016-03-30,2.2692261202158948,0,-2.2692261202158948
FOODS_3_131_WI_2_validation,2016-03-31,1.9640869442912314,6,4.035913055708768
FOODS_3_131_WI_2_validation,2016-04-01,3.3097313880431884,4,0.6902686119568116
FOODS_3_131_WI_2_validation,2016-04-02,3.8461201266999,4,0.1538798733001001
FOODS_3_131_WI_2_validation,2016-04-03,3.9151170856723314,8,4.084882914327668
FOODS_3_131_WI_2_validation,2016-04-04,2.957118081170082,1,-1.9571180811700821
FOODS_3_131_WI_2_validation,2016-04-05,3.0883261809889153,0,-3.0883261809889153
FOODS_3_131_WI_2_validation,2016-04-06,3.045321562130455,11,7.9546784378695445
FOODS_3_131_WI_2_validation,2016-04-07,2.6655933648826915,1,-1.6655933648826915
FOODS_3_131_WI_2_validation,2016-04-08,3.276597094575479,4,0.7234029054245208
FOODS_3_131_WI_2_validation,2016-04-09,3.8141655624967616,4,0.18583443750323836
FOODS_3_131_WI_2_validation,2016-04-10,3.508401444263487,4,0.491598555736513
FOODS_3_131_WI_2_validation,2016-04-11,2.4291945469683602,0,-2.4291945469683602
FOODS_3_131_WI_2_validation,2016-04-12,3.037778535123456,0,-3.037778535123456
FOODS_3_131_WI_2_validation,2016-04-13,1.9089552456556185,3,1.0910447543443815
FOODS_3_131_WI_2_validation,2016-04-14,3.0878967038726026,5,1.9121032961273974
FOODS_3_131_WI_2_validation,2016-04-15,3.4504693142001535,6,2.5495306857998465
FOODS_3_131_WI_2_validation,2016-04-16,3.590257972389821,1,-2.590257972389821
FOODS_3_131_WI_2_validation,2016-04-17,3.148929678759712,1,-2.148929678759712
FOODS_3_131_WI_2_validation,2016-04-18,2.423382041691399,6,3.576617958308601
FOODS_3_131_WI_2_validation,2016-04-19,2.5673001663680526,7,4.432699833631947
FOODS_3_131_WI_2_validation,2016-04-20,2.802612871348567,4,1.197387128651433
FOODS_3_131_WI_2_validation,2016-04-21,2.547197579789866,3,0.45280242021013395
FOODS_3_131_WI_2_validation,2016-04-22,2.744014021168875,0,-2.744014021168875
FOODS_3_131_WI_2_validation,2016-04-23,3.774964488530194,0,-3.774964488530194
FOODS_3_131_WI_2_validation,2016-04-24,3.8296345678859223,2,-1.8296345678859223
FOODS_3_288_WI_2_validation,2016-03-28,9.681816396713646,26,16.318183603286354
FOODS_3_288_WI_2_validation,2016-03-29,9.959159047575826,13,3.0408409524241744
FOODS_3_288_WI_2_validation,2016-03-30,10.48591963747448,20,9.51408036252552
FOODS_3_288_WI_2_validation,2016-03-31,12.662467817378197,24,11.337532182621803
FOODS_3_288_WI_2_validation,2016-04-01,15.730480623559902,33,17.269519376440098
FOODS_3_288_WI_2_validation,2016-04-02,25.63188361821561,32,6.3681163817843895
FOODS_3_288_WI_2_validation,2016-04-03,28.150139564709345,54,25.849860435290655
FOODS_3_288_WI_2_validation,2016-04-04,23.078863841551033,28,4.921136158448967
FOODS_3_288_WI_2_validation,2016-04-05,23.585240878117787,36,12.414759121882213
FOODS_3_288_WI_2_validation,2016-04-06,23.562889049730394,24,0.4371109502696058
FOODS_3_288_WI_2_validation,2016-04-07,22.36628974687195,21,-1.3662897468719493
FOODS_3_288_WI_2_validation,2016-04-08,23.892276050728405,39,15.107723949271595
FOODS_3_288_WI_2_validation,2016-04-09,29.231518703390662,18,-11.231518703390662
FOODS_3_288_WI_2_validation,2016-04-10,26.623658218830872,12,-14.623658218830872
FOODS_3_288_WI_2_validation,2016-04-11,19.558538930293754,29,9.441461069706246
FOODS_3_288_WI_2_validation,2016-04-12,18.262511200871234,11,-7.262511200871234
FOODS_3_288_WI_2_validation,2016-04-13,15.47488137536813,18,2.5251186246318706
FOODS_3_288_WI_2_validation,2016-04-14,17.410659450061605,25,7.589340549938395
FOODS_3_288_WI_2_validation,2016-04-15,18.87189127422229,39,20.12810872577771
FOODS_3_288_WI_2_validation,2016-04-16,19.991796556878317,13,-6.991796556878317
FOODS_3_288_WI_2_validation,2016-04-17,21.86807095663082,15,-6.86807095663082
FOODS_3_288_WI_2_validation,2016-04-18,14.893868397761546,7,-7.893868397761546
FOODS_3_288_WI_2_validation,2016-04-19,14.550542049791103,9,-5.550542049791103
FOODS_3_288_WI_2_validation,2016-04-20,13.47341352012528,11,-2.4734135201252805
FOODS_3_288_WI_2_validation,2016-04-21,12.658674937285573,12,-0.6586749372855731
FOODS_3_288_WI_2_validation,2016-04-22,11.50348976901615,3,-8.50348976901615
FOODS_3_288_WI_2_validation,2016-04-23,12.292734559711059,5,-7.292734559711059
FOODS_3_288_WI_2_validation,2016-04-24,12.417168194706223,16,3.582831805293777
FOODS_3_525_WI_2_validation,2016-03-28,4.534314010069638,6,1.4656859899303623
FOODS_3_525_WI_2_validation,2016-03-29,3.9014192286742375,6,2.0985807713257625
FOODS_3_525_WI_2_validation,2016-03-30,5.397167805516016,6,0.6028321944839838
FOODS_3_525_WI_2_validation,2016-03-31,5.3140380468696184,7,1.6859619531303816
FOODS_3_525_WI_2_validation,2016-04-01,6.311213984325742,11,4.688786015674258
FOODS_3_525_WI_2_validation,2016-04-02,9.344173029396671,24,14.655826970603329
FOODS_3_525_WI_2_validation,2016-04-03,10.096693380461922,20,9.903306619538078
FOODS_3_525_WI_2_validation,2016-04-04,8.331108780663659,14,5.668891219336341
FOODS_3_525_WI_2_validation,2016-04-05,11.277161976698537,14,2.7228380233014633
FOODS_3_525_WI_2_validation,2016-04-06,11.515238531804977,18,6.484761468195023
FOODS_3_525_WI_2_validation,2016-04-07,11.458345196634623,10,-1.4583451966346228
FOODS_3_525_WI_2_validation,2016-04-08,12.286203212096417,10,-2.2862032120964173
FOODS_3_525_WI_2_validation,2016-04-09,15.311835954003923,18,2.6881640459960767
FOODS_3_525_WI_2_validation,2016-04-10,13.948932878117628,11,-2.9489328781176276
FOODS_3_525_WI_2_validation,2016-04-11,10.708538703068038,13,2.2914612969319617
FOODS_3_525_WI_2_validation,2016-04-12,11.072626092345384,3,-8.072626092345384
FOODS_3_525_WI_2_validation,2016-04-13,7.506315403575761,4,-3.506315403575761
FOODS_3_525_WI_2_validation,2016-04-14,7.869176739946922,5,-2.869176739946922
FOODS_3_525_WI_2_validation,2016-04-15,8.255928812165797,2,-6.255928812165797
FOODS_3_525_WI_2_validation,2016-04-16,7.6113637333087265,2,-5.6113637333087265
FOODS_3_525_WI_2_validation,2016-04-17,6.298633545700435,9,2.7013664542995652
FOODS_3_525_WI_2_validation,2016-04-18,4.218672210008387,1,-3.2186722100083873
FOODS_3_525_WI_2_validation,2016-04-19,3.3284980553493506,0,-3.3284980553493506
FOODS_3_525_WI_2_validation,2016-04-20,2.8711739687942868,1,-1.8711739687942868
FOODS_3_525_WI_2_validation,2016-04-21,2.597434912427989,4,1.402565087572011
FOODS_3_525_WI_2_validation,2016-04-22,3.163390021724544,1,-2.163390021724544
FOODS_3_525_WI_2_validation,2016-04-23,4.828741447586514,1,-3.8287414475865136
FOODS_3_525_WI_2_validation,2016-04-24,4.047732160059766,1,-3.047732160059766
FOODS_3_764_WI_2_validation,2016-03-28,2.8442487960835843,1,-1.8442487960835843
FOODS_3_764_WI_2_validation,2016-03-29,2.3926125539218037,0,-2.3926125539218037
FOODS_3_764_WI_2_validation,2016-03-30,2.3610333481940073,3,0.6389666518059927
FOODS_3_764_WI_2_validation,2016-03-31,1.962230662580167,3,1.037769337419833
FOODS_3_764_WI_2_validation,2016-04-01,3.158257227252124,5,1.841742772747876
FOODS_3_764_WI_2_validation,2016-04-02,3.6937339187496345,2,-1.6937339187496345
FOODS_3_764_WI_2_validation,2016-04-03,4.049561003439651,4,-0.049561003439650975
FOODS_3_764_WI_2_validation,2016-04-04,3.139850267189589,3,-0.13985026718958915
FOODS_3_764_WI_2_validation,2016-04-05,3.504809187989076,2,-1.5048091879890761
FOODS_3_764_WI_2_validation,2016-04-06,3.2784253157714023,7,3.7215746842285977
FOODS_3_764_WI_2_validation,2016-04-07,3.1786479844377515,2,-1.1786479844377515
FOODS_3_764_WI_2_validation,2016-04-08,3.1128391063320584,2,-1.1128391063320584
FOODS_3_764_WI_2_validation,2016-04-09,4.009018093144205,6,1.9909819068557946
FOODS_3_764_WI_2_validation,2016-04-10,4.040121627173157,4,-0.04012162717315704
FOODS_3_764_WI_2_validation,2016-04-11,3.4379977128344543,4,0.5620022871655457
FOODS_3_764_WI_2_validation,2016-04-12,3.4942371444831233,7,3.5057628555168767
FOODS_3_764_WI_2_validation,2016-04-13,3.3268234169342055,5,1.6731765830657945
FOODS_3_764_WI_2_validation,2016-04-14,3.6532317630983084,3,-0.6532317630983084
FOODS_3_764_WI_2_validation,2016-04-15,3.580281183237807,4,0.419718816762193
FOODS_3_764_WI_2_validation,2016-04-16,3.8061184112513446,3,-0.8061184112513446
FOODS_3_764_WI_2_validation,2016-04-17,3.6339812287901863,1,-2.6339812287901863
FOODS_3_764_WI_2_validation,2016-04-18,3.2586490634053953,7,3.7413509365946047
FOODS_3_764_WI_2_validation,2016-04-19,3.225554062472138,3,-0.22555406247213794
FOODS_3_764_WI_2_validation,2016-04-20,2.9398982541121383,3,0.06010174588786166
FOODS_3_764_WI_2_validation,2016-04-21,3.1862474302285175,1,-2.1862474302285175
FOODS_3_764_WI_2_validation,2016-04-22,2.9301551965260386,0,-2.9301551965260386
FOODS_3_764_WI_2_validation,2016-04-23,2.8575073017792674,2,-0.8575073017792674
FOODS_3_764_WI_2_validation,2016-04-24,2.773098171451576,5,2.226901828548424
HOUSEHOLD_1_385_WI_3_validation,2016-03-28,3.5783816019035455,4,0.4216183980964545
HOUSEHOLD_1_385_WI_3_validation,2016-03-29,3.244317688927836,2,-1.2443176889278358
HOUSEHOLD_1_385_WI_3_validation,2016-03-30,3.007306661507205,2,-1.0073066615072048
HOUSEHOLD_1_385_WI_3_validation,2016-03-31,2.9170645100163806,1,-1.9170645100163806
HOUSEHOLD_1_385_WI_3_validation,2016-04-01,4.078397133182627,3,-1.0783971331826274
HOUSEHOLD_1_385_WI_3_validation,2016-04-02,4.878745323357548,5,0.12125467664245182
HOUSEHOLD_1_385_WI_3_validation,2016-04-03,4.817930656539452,7,2.1820693434605483
HOUSEHOLD_1_385_WI_3_validation,2016-04-04,3.1568947797995306,7,3.8431052202004694
HOUSEHOLD_1_385_WI_3_validation,2016-04-05,3.0907440945719684,2,-1.0907440945719684
HOUSEHOLD_1_385_WI_3_validation,2016-04-06,3.266925842928846,3,-0.2669258429288459
HOUSEHOLD_1_385_WI_3_validation,2016-04-07,2.8662812169696763,2,-0.8662812169696763
HOUSEHOLD_1_385_WI_3_validation,2016-04-08,3.9213354449617093,3,-0.9213354449617093
HOUSEHOLD_1_385_WI_3_validation,2016-04-09,4.832351973759185,6,1.1676480262408147
HOUSEHOLD_1_385_WI_3_validation,2016-04-10,4.596568621854189,6,1.403431378145811
HOUSEHOLD_1_385_WI_3_validation,2016-04-11,4.033953997358969,4,-0.03395399735896909
HOUSEHOLD_1_385_WI_3_validation,2016-04-12,3.5494638230395523,3,-0.5494638230395523
HOUSEHOLD_1_385_WI_3_validation,2016-04-13,2.9268824741467574,3,0.0731175258532426
HOUSEHOLD_1_385_WI_3_validation,2016-04-14,3.277426555383115,3,-0.2774265553831148
HOUSEHOLD_1_385_WI_3_validation,2016-04-15,4.111104418796456,3,-1.1111044187964563
HOUSEHOLD_1_385_WI_3_validation,2016-04-16,4.147110637969501,5,0.8528893620304991
HOUSEHOLD_1_385_WI_3_validation,2016-04-17,4.130354762067955,6,1.869645237932045
HOUSEHOLD_1_385_WI_3_validation,2016-04-18,3.314467995749097,1,-2.314467995749097
HOUSEHOLD_1_385_WI_3_validation,2016-04-19,2.6897271629097084,4,1.3102728370902916
HOUSEHOLD_1_385_WI_3_validation,2016-04-20,2.9471585029849185,3,0.05284149701508145
HOUSEHOLD_1_385_WI_3_validation,2016-04-21,2.7686586473005703,4,1.2313413526994297
HOUSEHOLD_1_385_WI_3_validation,2016-04-22,3.6437818798427117,3,-0.6437818798427117
HOUSEHOLD_1_385_WI_3_validation,2016-04-23,3.9955258835854472,7,3.0044741164145528
HOUSEHOLD_1_385_WI_3_validation,2016-04-24,3.8960729866679618,4,0.10392701333203824
FOODS_3_131_WI_3_validation,2016-03-28,2.1189664649297195,1,-1.1189664649297195
FOODS_3_131_WI_3_validation,2016-03-29,1.825216205943165,3,1.174783794056835
FOODS_3_131_WI_3_validation,2016-03-30,1.7726771043950198,0,-1.7726771043950198
FOODS_3_131_WI_3_validation,2016-03-31,1.84356579321636,1,-0.84356579321636
FOODS_3_131_WI_3_validation,2016-04-01,3.0538627883866942,1,-2.0538627883866942
FOODS_3_131_WI_3_validation,2016-04-02,3.493510554148836,1,-2.493510554148836
FOODS_3_131_WI_3_validation,2016-04-03,3.500109293674279,5,1.4998907063257212
FOODS_3_131_WI_3_validation,2016-04-04,2.7167007047863327,2,-0.7167007047863327
FOODS_3_131_WI_3_validation,2016-04-05,2.629066165651426,2,-0.6290661656514258
FOODS_3_131_WI_3_validation,2016-04-06,2.8633051317149616,2,-0.8633051317149616
FOODS_3_131_WI_3_validation,2016-04-07,2.084581237509642,5,2.915418762490358
FOODS_3_131_WI_3_validation,2016-04-08,3.674091072055341,4,0.325908927944659
FOODS_3_131_WI_3_validation,2016-04-09,4.108089794048231,4,-0.10808979404823127
FOODS_3_131_WI_3_validation,2016-04-10,3.3440470922450958,5,1.6559529077549042
FOODS_3_131_WI_3_validation,2016-04-11,3.3991385752763814,3,-0.3991385752763814
FOODS_3_131_WI_3_validation,2016-04-12,3.3130018590230983,7,3.6869981409769017
FOODS_3_131_WI_3_validation,2016-04-13,2.5443509081953772,4,1.4556490918046228
FOODS_3_131_WI_3_validation,2016-04-14,3.2267175166359947,0,-3.2267175166359947
FOODS_3_131_WI_3_validation,2016-04-15,3.4127392399347776,3,-0.41273923993477757
FOODS_3_131_WI_3_validation,2016-04-16,3.203395938332384,2,-1.2033959383323838
FOODS_3_131_WI_3_validation,2016-04-17,3.5063030434540856,1,-2.5063030434540856
FOODS_3_131_WI_3_validation,2016-04-18,2.6647306543771827,4,1.3352693456228173
FOODS_3_131_WI_3_validation,2016-04-19,2.538109713436701,2,-0.5381097134367012
FOODS_3_131_WI_3_validation,2016-04-20,2.2022440986389267,4,1.7977559013610733
FOODS_3_131_WI_3_validation,2016-04-21,2.3215420397130915,3,0.6784579602869085
FOODS_3_131_WI_3_validation,2016-04-22,2.5605686509121472,2,-0.5605686509121472
FOODS_3_131_WI_3_validation,2016-04-23,3.0032031698725956,1,-2.0032031698725956
FOODS_3_131_WI_3_validation,2016-04-24,3.1750831191296545,2,-1.1750831191296545
FOODS_3_288_WI_3_validation,2016-03-28,7.869943578119772,10,2.1300564218802283
FOODS_3_288_WI_3_validation,2016-03-29,7.721081141103236,11,3.2789188588967644
FOODS_3_288_WI_3_validation,2016-03-30,7.896163327296832,16,8.103836672703167
FOODS_3_288_WI_3_validation,2016-03-31,8.87763766975345,11,2.122362330246551
FOODS_3_288_WI_3_validation,2016-04-01,11.602985489613463,18,6.397014510386537
FOODS_3_288_WI_3_validation,2016-04-02,18.444288130248257,14,-4.444288130248257
FOODS_3_288_WI_3_validation,2016-04-03,18.614267272429018,16,-2.614267272429018
FOODS_3_288_WI_3_validation,2016-04-04,10.701328145144375,6,-4.701328145144375
FOODS_3_288_WI_3_validation,2016-04-05,10.97865607126364,14,3.0213439287363606
FOODS_3_288_WI_3_validation,2016-04-06,11.593405810037344,16,4.4065941899626555
FOODS_3_288_WI_3_validation,2016-04-07,9.867094061594784,8,-1.8670940615947842
FOODS_3_288_WI_3_validation,2016-04-08,13.696950869766752,12,-1.6969508697667521
FOODS_3_288_WI_3_validation,2016-04-09,14.851510676569875,14,-0.851510676569875
FOODS_3_288_WI_3_validation,2016-04-10,13.903504357206604,10,-3.9035043572066037
FOODS_3_288_WI_3_validation,2016-04-11,11.369003309177536,14,2.630996690822464
FOODS_3_288_WI_3_validation,2016-04-12,11.187044868751308,11,-0.18704486875130755
FOODS_3_288_WI_3_validation,2016-04-13,9.05184473516751,7,-2.05184473516751
FOODS_3_288_WI_3_validation,2016-04-14,10.584870606462488,5,-5.584870606462488
FOODS_3_288_WI_3_validation,2016-04-15,12.492156817139461,12,-0.49215681713946147
FOODS_3_288_WI_3_validation,2016-04-16,11.490113942087826,12,0.5098860579121745
FOODS_3_288_WI_3_validation,2016-04-17,11.209018343972144,9,-2.2090183439721436
FOODS_3_288_WI_3_validation,2016-04-18,8.254739362241999,6,-2.254739362241999
FOODS_3_288_WI_3_validation,2016-04-19,7.3673595843634585,11,3.6326404156365415
FOODS_3_288_WI_3_validation,2016-04-20,7.611016929765519,5,-2.611016929765519
FOODS_3_288_WI_3_validation,2016-04-21,7.014421080628954,6,-1.0144210806289538
FOODS_3_288_WI_3_validation,2016-04-22,8.630135137628528,9,0.36986486237147176
FOODS_3_288_WI_3_validation,2016-04-23,10.244313411876174,5,-5.244313411876174
FOODS_3_288_WI_3_validation,2016-04-24,8.767781992712655,7,-1.7677819927126546
FOODS_3_764_WI_3_validation,2016-03-28,7.835810255219267,6,-1.8358102552192674
FOODS_3_764_WI_3_validation,2016-03-29,7.0755190948291435,5,-2.0755190948291435
FOODS_3_764_WI_3_validation,2016-03-30,5.981667100413208,5,-0.9816671004132083
FOODS_3_764_WI_3_validation,2016-03-31,6.492809954198037,3,-3.4928099541980373
FOODS_3_764_WI_3_validation,2016-04-01,7.452859836192651,7,-0.45285983619265124
FOODS_3_764_WI_3_validation,2016-04-02,9.224927492536292,3,-6.224927492536292
FOODS_3_764_WI_3_validation,2016-04-03,8.645886462014515,7,-1.6458864620145146
FOODS_3_764_WI_3_validation,2016-04-04,6.108166820817254,3,-3.108166820817254
FOODS_3_764_WI_3_validation,2016-04-05,6.056938436463224,6,-0.056938436463224384
FOODS_3_764_WI_3_validation,2016-04-06,5.414526184108795,5,-0.41452618410879527
FOODS_3_764_WI_3_validation,2016-04-07,5.249773961827865,6,0.7502260381721353
FOODS_3_764_WI_3_validation,2016-04-08,6.743284864940371,14,7.256715135059629
FOODS_3_764_WI_3_validation,2016-04-09,9.404427938845153,15,5.595572061154847
FOODS_3_764_WI_3_validation,2016-04-10,9.620319325170556,8,-1.6203193251705557
FOODS_3_764_WI_3_validation,2016-04-11,9.058455740909869,9,-0.058455740909868936
FOODS_3_764_WI_3_validation,2016-04-12,8.958498900915233,5,-3.9584989009152327
FOODS_3_764_WI_3_validation,2016-04-13,6.830615111904993,10,3.1693848880950073
FOODS_3_764_WI_3_validation,2016-04-14,9.042831798109336,6,-3.0428317981093365
FOODS_3_764_WI_3_validation,2016-04-15,9.805670226957748,13,3.194329773042252
FOODS_3_764_WI_3_validation,2016-04-16,9.831498090885809,9,-0.831498090885809
FOODS_3_764_WI_3_validation,2016-04-17,8.40531062981721,9,0.59468937018279
FOODS_3_764_WI_3_validation,2016-04-18,7.037598601723666,8,0.9624013982763344
FOODS_3_764_WI_3_validation,2016-04-19,6.729717671142596,12,5.270282328857404
FOODS_3_764_WI_3_validation,2016-04-20,7.467048588673024,3,-4.467048588673024
FOODS_3_764_WI_3_validation,2016-04-21,7.053973289694908,7,-0.05397328969490811
FOODS_3_764_WI_3_validation,2016-04-22,7.7132346982258735,5,-2.7132346982258735
FOODS_3_764_WI_3_validation,2016-04-23,8.25600370989062,4,-4.256003709890621
FOODS_3_764_WI_3_validation,2016-04-24,7.054489916460543,9,1.9455100835394568
